-- phpMyAdmin SQL Dump
-- version 4.1.4
-- http://www.phpmyadmin.net
--
-- Host: localhost
-- Generation Time: 2015-07-30 18:20:19
-- 服务器版本： 5.5.40
-- PHP Version: 5.4.33

SET SQL_MODE = "NO_AUTO_VALUE_ON_ZERO";
SET time_zone = "+00:00";


/*!40101 SET @OLD_CHARACTER_SET_CLIENT=@@CHARACTER_SET_CLIENT */;
/*!40101 SET @OLD_CHARACTER_SET_RESULTS=@@CHARACTER_SET_RESULTS */;
/*!40101 SET @OLD_COLLATION_CONNECTION=@@COLLATION_CONNECTION */;
/*!40101 SET NAMES utf8 */;

--
-- Database: `gracemain`
--

-- --------------------------------------------------------

--
-- 表的结构 `doc_document`
--

CREATE TABLE IF NOT EXISTS `doc_document` (
  `id` int(11) NOT NULL AUTO_INCREMENT,
  `title` varchar(64) DEFAULT NULL,
  `titleonly` tinyint(1) DEFAULT '0',
  `test` tinyint(1) DEFAULT '0' COMMENT '测试标记',
  `startscreen` tinyint(4) NOT NULL DEFAULT '0' COMMENT '是否在开始屏幕显示',
  `content` text,
  `content_hidden` text COMMENT '测试隐藏内容',
  `url` text,
  `enable` tinyint(1) DEFAULT '0',
  `preid` int(11) DEFAULT NULL COMMENT '上级id',
  `sort` int(11) NOT NULL DEFAULT '0' COMMENT '排序',
  PRIMARY KEY (`id`)
) ENGINE=MyISAM  DEFAULT CHARSET=utf8 AUTO_INCREMENT=271 ;

--
-- 转存表中的数据 `doc_document`
--

INSERT INTO `doc_document` (`id`, `title`, `titleonly`, `test`, `startscreen`, `content`, `content_hidden`, `url`, `enable`, `preid`, `sort`) VALUES
(1, '附录一:开发环境', 1, 0, 0, '', NULL, '', 0, 116, 14),
(2, 'APP:医信', 1, 0, 0, '', NULL, '', 0, 116, 18),
(3, '工具软件uml', 1, 0, 0, '<strong>HTML内容</strong>', NULL, '', 0, 1, 4),
(4, '服务器软件apache', 1, 0, 0, '', NULL, '', 0, 1, 6),
(5, '开发工具 phpstorm', 1, 0, 0, '<strong>HTML内容</strong>', NULL, '', 0, 1, 10),
(6, '开发工具dreamweaver', 1, 0, 0, '<strong>HTML内容</strong>', NULL, '', 0, 1, 8),
(7, '系统分层结构', 1, 0, 0, '', NULL, '', 0, 8, 1),
(14, '附录四 : 基本原则设计 和 特性', 1, 0, 0, '', NULL, '', 0, 116, 8),
(15, 'Easy系统部署', 1, 0, 0, '1', NULL, '', 0, 159, 22),
(16, '未归档', 0, 0, 0, '<pre class="mark">未归档的数据.</pre>', NULL, '', 0, 0, 4),
(17, '附录七 : 设计模式', 0, 0, 0, '', NULL, '', 0, 116, 3),
(18, '基于http的浏览器缓存', 1, 0, 0, '', NULL, '', 0, 97, 3),
(8, '附录五 : 系统方案', 1, 0, 0, '', NULL, '', 0, 116, 6),
(9, 'APP:药品检验单', 1, 0, 0, '', NULL, '3', 0, 116, 16),
(10, '附录二:API管理工具', 0, 0, 0, '<p>\n <pre class="mark">管理API的模拟程序</pre>\n</p>\n<p>\n <a target="_blank" href="http://192.168.1.200/Man/">http://192.168.1.200/Man/</a> \n</p>', NULL, '', 0, 116, 12),
(11, '开发工具E-R图', 1, 0, 0, '', NULL, '', 0, 1, 2),
(12, '附录三:文档管理工具', 0, 0, 0, '<p>\n http://192.168.1.200/Doc/\n</p>\n<p>\n 使用很简单\n</p>\n<ul>\n <li>\n  无限分级\n </li>\n <li>\n  碎片化管理\n </li>\n</ul>\n<p>\n 通过树形结构把碎片信息串联起来\n</p>\n<p>\n 随时添加新的主题\n</p>', NULL, '', 0, 116, 10),
(13, '概述', 0, 0, 1, '<ul>\n <li>\n  知识库管理系统\n </li>\n <li>\n  整理知识\n </li>\n <li>\n  汇聚智慧\n </li>\n</ul>', NULL, '', 0, 116, 24),
(19, '安装php mongo 扩展', 0, 0, 0, '', NULL, '', 0, 22, 22),
(20, '配置文件', 1, 0, 0, '21', NULL, '', 0, 22, 2),
(21, '前台全页缓存', 1, 0, 0, '', NULL, '', 0, 97, 0),
(22, 'Mongodb:kv永久存储 --', 1, 0, 1, '系统版本：32位CENTOS5.5', NULL, '', 0, 35, 0),
(23, '安装MongoDB', 0, 0, 0, '', NULL, '', 0, 22, 0),
(24, '依赖软件', 0, 0, 0, '', NULL, '', 0, 22, 0),
(25, 'MongoDB命令基础', 0, 0, 0, '', NULL, '', 0, 22, 0),
(26, '增删改查', 0, 0, 0, '', NULL, '', 0, 22, 0),
(27, '管理命令', 0, 0, 0, '', NULL, '', 0, 22, 0),
(28, '相关参考', 0, 0, 0, '', NULL, '', 0, 22, 0),
(29, 'Mysql', 1, 0, 0, '', NULL, '', 0, 35, 0),
(30, '安装', 0, 0, 0, '', NULL, '', 0, 29, 0),
(31, '配置', 0, 0, 0, '', NULL, '', 0, 29, 0),
(32, '依赖', 0, 0, 0, '', NULL, '', 0, 29, 0),
(33, '管理', 0, 0, 0, '', NULL, '', 0, 29, 0),
(34, '管理工具', 0, 0, 0, '', NULL, '', 0, 0, 8),
(35, '附录六 : 数据库', 1, 0, 1, '', NULL, '', 0, 116, 4),
(36, 'API管理 - 入口流程', 0, 0, 0, '<img src="/A/kindeditor-4.1.10/attached/image/20150213/20150213150810_82119.png" alt="" />\n', NULL, '', 0, 10, 6),
(37, '通用错误返回码', 0, 0, 0, '<ul>\n <li>\n  GET\n<pre>200（OK） – 表示已在响应中发出\n204（无内容） – 资源有空表示\n301（Moved Permanently） – 资源的URI已被更新\n303（See Other） – 其他（如，负载均衡）\n304（not modified）- 资源未更改（缓存）\n400 （bad request）- 指代坏请求（如，参数错误）\n404 （not found）- 资源不存在\n406 （not acceptable）- 服务端不支持所需表示\n500 （internal server error）- 通用错误响应\n503 （Service Unavailable）- 服务端当前无法处理请求\n</pre>\n </li>\n <li>\n  POST<br />\n<pre>200（OK）- 如果现有资源已被更改\n201（created）- 如果新资源被创建\n202（accepted）- 已接受处理请求但尚未完成（异步处理）\n301（Moved Permanently）- 资源的URI被更新\n303（See Other）- 其他（如，负载均衡）\n400（bad request）- 指代坏请求\n404 （not found）- 资源不存在\n406 （not acceptable）- 服务端不支持所需表示\n409 （conflict）- 通用冲突\n412 （Precondition Failed）- 前置条件失败（如执行条件更新时的冲突）\n415 （unsupported media type）- 接受到的表示不受支持\n500 （internal server error）- 通用错误响应\n503 （Service Unavailable）- 服务当前无法处理请求\n</pre>\n </li>\n</ul>', NULL, '', 0, 10, 4),
(38, '数据库E-R图', 0, 0, 0, '<h3>\n E-R图第一版\n</h3>\n<h3>\n <img src="/A/kindeditor-4.1.10/attached/image/20150213/20150213152358_72146.png" alt="" /> \n</h3>', NULL, '', 0, 9, 0),
(39, '底层PHP框架', 0, 0, 0, '<pre class="mark">CodeIgniter 2.2.1</pre>\n<ul>\n <li>\n  下载地址 http://codeigniter.org.cn/downloads\n </li>\n <li>\n  官方网站 <a target="_blank" href="http://codeigniter.org.cn/">http://codeigniter.org.cn/</a> \n </li>\n <li>\n  详细文档 <a target="_blank" href="http://codeigniter.org.cn/user_guide/toc.html">http://codeigniter.org.cn/user_guide/toc.html</a> \n </li>\n</ul>', NULL, '', 0, 10, 8),
(40, '特点', 0, 0, 0, '<ul>\n <li>\n  模拟提交\n </li>\n <li>\n  模拟返回\n </li>\n <li>\n  APP端开发和后端开发完全分离\n </li>\n <li>\n  自动生成详细文档<br />\n </li>\n</ul>', NULL, '', 0, 10, 111),
(41, '数据库结构', 0, 0, 0, '<p>\n 数据表\n</p>\n<ul>\n <li>\n  接口表 userapi\n </li>\n <li>\n  文档表 doc_document\n </li>\n</ul>', NULL, '', 0, 10, 0),
(42, '数据表 userapi', 0, 0, 0, '<pre class="brush:php">CREATE TABLE IF NOT EXISTS `userapi` (\n  `id` int(11) NOT NULL AUTO_INCREMENT,\n  `name` varchar(32) DEFAULT NULL,\n  `v` varchar(32) DEFAULT NULL,\n  `api` varchar(128) DEFAULT NULL,\n  `ys` varchar(32) DEFAULT NULL,\n  `dis` varchar(256) DEFAULT NULL,\n  `request` text,\n  `response` text,\n  `enable` tinyint(1) NOT NULL,\n  `debug` tinyint(1) NOT NULL,\n  PRIMARY KEY (`id`)\n) ENGINE=MyISAM  DEFAULT CHARSET=utf8 AUTO_INCREMENT=1;\n</pre>\n<br />', NULL, '', 0, 10, 0),
(118, 'Memcache and Mongodb', 0, 0, 0, '<p>\n <strong>Memcache</strong> \n</p>\n<p>\n <strong> </strong> \n</p>\n<p>\n Memcache的优势我觉得总结下来主要体现在：\n</p>\n<p>\n 1） 分布式。可以由10台拥有4G内存的机器，构成一个40G的内存池，如果觉得还不够大可以增加机器，这样一个大的内存池，完全可以把大部分热点业务数据保存进去，由内存来阻挡大部分对数据库读的请求，对数据库释放可观的压力。\n</p>\n<p>\n 2） 单点。如果Web服务器或App服务器做负载均衡的话，在各自内存中保存的缓存可能各不相同，如果数据需要同步的话，比较麻烦（各自自己过期，还是分发数据同步？），即使数据并不需要同步，用户也可能因为数据的不一致而产生用户体验上的不友好。\n</p>\n<p>\n 3） 性能强。不用怀疑和数据库相比确实是，根源上还是内存的读写和磁盘读写效率上几个数量级的差距。有的时候我们在抱怨数据库读写太差的情况下可以看看磁盘的IO，如果确实是瓶颈的话装啥强劲的数据库估计也档不了，强不强无非是这个数据库多少充分的利用了内存。\n</p>\n<p>\n 但是也不太建议在任何情况下使用Memcache替代任何缓存：\n</p>\n<p>\n 1） \n如果Value特别大，不太适合。因为在默认编译下Memcache只支持1M的Value（Key的限制到不是最大的问题）。其实从实践的角度来说也不\n建议把非常大的数据保存在Memcache中，因为有序列化反序列化的过程，别小看它消耗的CPU。说到这个就要提一下，我一直觉得Memcache适合\n面向输出的内容缓存，而不是面向处理的数据缓存，也就是不太适合把大块数据放进去拿出来处理之后再放进去，而是适合拿出来就直接给输出了，或是拿出来不需\n要处理直接用。\n</p>\n<p>\n 2） \n如果不允许过期，不太适合。Memcache在默认情况下最大30天过期，而且在内存达到使用限制后它也会回收最少使用的数据。因此，如果我们要把它当作\nstatic变量的话就要考虑到这个问题，必须有重新初始化数据的过程。其实应该这么想，既然是缓存就是拿到了存起来，如果没有必定有一个重新获取重新缓\n存的过程，而不是想着它永远存在。\n</p>\n<p>\n 在使用Memcache的过程中当然也会有一些问题或者说最佳实践：\n</p>\n<p>\n 1） \n清除部分数据的问题。Memcache只是一个Key/Value的池，一个公共汽车谁都可以上。我觉得对于类似的公共资源，如果用的人都按照自己的规则\n来的话很容易出现问题。因此，最好在Key值的规范上上使用类似命名空间的概念， \n每一个用户都能很明确的知道某一块功能的Key的范围，或者说前缀。带来的好处是我们如果需要清空的话可以根据这个规范找到我们自己的一批Key然后再去\n清空，而不是清空所有的。当然有人是采用版本升级的概念，老的Key就让它过去吧，到时候自然会清空，这也是一种办法。不过Key有规范总是有好处的，在\n统计上也方便一点。\n</p>\n<p>\n 2） \nValue的组织问题。也就是说我们存的数据的粒度，比如要保存一个列表，是一个保存在一个键值还是统一保存为一个键值，这取决于业务。如果粒度很小的话\n最好是在获取的时候能批量获取，在保存的时候也能批量保存。对于跨网络的调用次数越少越好，可以想一下，如果一个页面需要输出100行数据，每一个数据都\n需要获取一次，一个页面进行上百次连接这个性能会不会成问题。\n</p>\n<p>\n 那么Memcache主要用在哪些功能上呢？\n</p>\n<p>\n 其实我觉得平时能想到在内存中做缓存的地方我们都可以考虑下是不是可以去适用分布式缓存，但是主要的用途还是用来在前端或中部挡一下读的需求来释放Web服务器App服务器以及DB的压力。\n</p>\n<p>\n <br />\n</p>\n<p>\n <strong>Mongodb</strong> \n</p>\n<p>\n <br />\n</p>\n<p>\n Mongodb是一款比较优良的非关系型数据库的文档型的数据库。它的优势主要体现在：\n</p>\n<p>\n 1） 开源。意味着即使我们不去改也可以充分挖掘它，MS SQL除了看那些文档，谁又知道它内部如何实现。\n</p>\n<p>\n 2） 免费。意味着我们可以在大量垃圾服务器上装大量的实例，即使它性能不怎么高，也架不住非常多的点啊。\n</p>\n<p>\n 3） 性能高。其它没比较过，和MS \nSQL相比，同样的应用（主要是写操作）一个撑500用户就挂了，一个可以撑到2000。在数据量上到百万之后，即使没索引，MS \nSQL的插入性能下降的也一塌糊涂。其实任何事物都有相对性的，在变得复杂变得完善了之后会牺牲一部分的性能，MS \nSQL体现的是非常强的安全性数据完整性，这点是Mongodb办不到的。\n</p>\n<p>\n 4） 配置简单并且灵活。在生产环境中对数据库配置故障转移群集和读写分离的数据库复制是很常见的需求，MS \nSQL的配置繁琐的步骤还是很恐怖的，而Mongodb可以在五分钟之内配置自己所需要的故障转移组，读写分离更是只需要一分钟。灵活性体现在，我们可以\n配置一个M一个S，两个M一个S（两个M写入的数据会合并到S上供读取），一个M两个S（一个M写入的数据在两个S上有镜像），甚至是多个M多个S（理论\n上可以创建10个M，10个S，我们只需要通过轮询方式随便往哪个M上写，需要读的时候也可以轮训任意一个S，当然我们要知道不可能保证在同一时间所有的\nS都有一致的数据）。那么也可以配置两个M的对作为一套故障转移群集，然后这样的群集配置两套，再对应两个S，也就是4个M对应2个S，保证M点具有故障\n转移。\n</p>\n<p>\n 5） 使用灵活。在之前的文章中我提到甚至可以通过SQL到JS表达式的转换让Mongodb支持SQL语句的查询，不管怎么说Mongodb在查询上还是很方便的。\n</p>\n<p>\n 之前也说过了，并不是所有数据库应用都使用采用Mongodb来替代的，它的主要缺点是：\n</p>\n<p>\n 1） \n开源软件的特点：更新快，应用工具不完善。由于更新快，我们的客户端需要随着它的更新来升级才能享受到一些新功能，更新快也意味着很可能在某一阶段会缺乏\n某个重要功能。另外我们知道MS \nSQL在DEV/DBA/ADM多个维度都提供了非常好的GUI工具对数据库进行维护。而Mongodb虽然提供了一些程序，但是并不是非常友好。我们的\nDBA可能会很郁闷，去优化Mongodb的查询。\n</p>\n<p>\n 2） 操作事务。Mongodb不支持内建的事务（没有内建事务不意味着完全不能有事务的功能），对于某些应用也就不适合。不过对于大部分的互联网应用来说并不存在这个问题。\n</p>\n<p>\n 在使用Mongodb的过程中主要遇到下面的问题：\n</p>\n<p>\n 1） \n真正的横向扩展？在使用Memcache的过程中我们已经体会到这种爽了，基本可以无限的增加机器来横向扩展，因为什么，因为我们是通过客户端来决定键值\n保存在那个实例上，在获取的时候也很明确它在哪个实例上，即使是一次性获取多个键值，也是同样。而对于数据库来说，我们通过各种各样的方式进行了\nSharding，不说其它的，在查询的时候我们根据一定的条件获取批量的数据，怎么样去处理？比如我们按照用户ID去分片，而查询根本不在乎用户ID，\n在乎的是用户的年龄和教育程度，最后按照姓名排序，到哪里去取这些数据？不管是基于客户端还是基于服务端的Sharding都是非常难做的，并且即使有了\n自动化的Sharding性能不一定能有保障。最简单的是尽量按照功能来分，再下去就是历史数据的概念，真正要做到实时数据分散在各个节点，还是很困难。\n</p>\n<p>\n 2） \n多线程，多进程。在写入速度达不到预期的情况下我们多开几个线程同时写，或者多开几个Mongodb进程（同一机器），也就是多个数据库实例，然后向不同\n的实例去写。这样是否能提高性能？很遗憾，非常有限，甚至可以说根本不能提高。为什么使用memcache的时候多开线程可以提高写入速度？那是因为内存\n数据交换的瓶颈我们没达到，而对于磁盘来说，IO的瓶颈每秒那么几十兆的是很容易达到的，一旦达到这个瓶颈了，无论是开多少个进程都无法提高性能了。还好\nMongodb使用内存映射，看到内存使用的多了，其实我对它的信心又多了一点（内存占用多了我觉得CPU更容易让它不闲着），怕就怕某个DB不使用什么\n内存，看着IO瓶颈到了，内存和CPU还是吃不饱。\n</p>\n<p>\n <br />\n</p>\n<p>\n <strong>Memcache和Mongodb的配合</strong> \n</p>\n<p>\n <br />\n</p>\n<p>\n 其实有了Memcache和Mongodb我们甚至可以让80%以上的应用摆脱传统关系型数据库。我能想到它们其实可以互相配合弥补对方的不足：\n</p>\n<p>\n Memcache适合根据Key保存Value，那么有的时候我们并不知道需要读取哪些Key怎么办呢？我在想是不是可以把Mongodb或说数据\n库当作一个原始数据，这份原始数据中分为需要查询的字段（索引字段）和普通的数据字段两部分，把大量的非查询字段保存在Memcache中，小粒度保存，\n在查询的时候我们查询数据库知道要获取哪些数据，一般查询页面也就显示20-100条吧，然后一次性从Memcache中获取这些数据。也就是\n说，Mongodb的读的压力主要是索引字段，而数据字段只是在缓存失效的时候才有用，使用Memcache挡住大部分实质数据的查询。反过来说，如果我\n们要清空Memcache中的数据也知道要清空哪些Key。\n</p>', NULL, '', 0, 116, 0),
(43, '三元运算符', 0, 0, 1, '', NULL, '', 0, 14, 0),
(44, '类型约束', 0, 0, 0, '', NULL, '', 0, 14, 0),
(45, '弃用的功能和函数', 0, 0, 1, '', NULL, '', 0, 14, 0),
(46, '闭包和匿名函数', 0, 0, 1, '', NULL, '', 0, 14, 0),
(47, '魔术方法', 0, 0, 0, '', NULL, '', 0, 14, 0),
(48, '后期静态绑定', 0, 0, 0, '', NULL, '', 0, 14, 0),
(49, '常用字符函数', 0, 0, 0, '', NULL, '', 0, 14, 0),
(50, '常用数组函数', 0, 0, 0, '', NULL, '', 0, 14, 0),
(51, 'Traits的使用', 0, 0, 0, '', NULL, '', 0, 14, 0),
(52, '内置服务器', 0, 0, 0, '', NULL, '', 0, 14, 0),
(53, '其他新特性', 0, 0, 0, '', NULL, '', 0, 14, 0),
(54, '双机方案', 0, 0, 0, '', NULL, '', 0, 8, 1111),
(55, '架构图', 0, 0, 0, '<img src="/A/kindeditor-4.1.10/attached/image/20150213/20150213155334_58749.png" alt="" />', NULL, '', 0, 54, 0),
(56, '服务器角色', 0, 0, 0, '<pre class="prettyprint lang-js">1. web服务器\n2. mysql 数据库服务器\n3. memcache缓存服务器\n4. mongod key-value存储服务器</pre>', NULL, '', 0, 54, 0),
(57, 'nginx [ web 服务器 ]', 0, 0, 0, '', NULL, '', 0, 54, 0),
(58, 'mysql [数据库服务器]', 0, 0, 0, '', NULL, '', 0, 54, 0),
(59, 'mysql-master', 0, 0, 0, '', NULL, '', 0, 54, 0),
(60, 'mysql-slave', 0, 0, 0, '', NULL, '', 0, 54, 0),
(61, 'memcache [缓存服务器]', 0, 0, 0, '', NULL, '', 0, 54, 0),
(62, 'mongodb [key-value存储服务器]', 0, 0, 0, '', NULL, '', 0, 54, 0),
(63, 'php', 0, 0, 0, '', NULL, '', 0, 54, 0),
(64, '软件配置', 0, 0, 0, '<table class="docutils">\n <tbody>\n  <tr>\n   <td>\n    name\n   </td>\n   <td>\n    version\n   </td>\n  </tr>\n  <tr>\n   <td>\n    centos\n   </td>\n   <td>\n    5.5\n   </td>\n  </tr>\n  <tr>\n   <td>\n    nginx\n   </td>\n   <td>\n    1.2.4\n   </td>\n  </tr>\n  <tr>\n   <td>\n    php\n   </td>\n   <td>\n    5.3.17\n   </td>\n  </tr>\n  <tr>\n   <td>\n    mysql\n   </td>\n   <td>\n    5.5.28\n   </td>\n  </tr>\n  <tr>\n   <td>\n    mongodb\n   </td>\n   <td>\n    2.2\n   </td>\n  </tr>\n  <tr>\n   <td>\n    memcached\n   </td>\n   <td>\n    1.4.15\n   </td>\n  </tr>\n  <tr>\n   <td>\n    sphinx\n   </td>\n   <td>\n    2.0\n   </td>\n  </tr>\n </tbody>\n</table>', NULL, '', 0, 68, 4),
(65, '硬件配置', 0, 0, 0, '<table class="docutils">\n <tbody>\n  <tr>\n   <td>\n    name\n   </td>\n   <td>\n    version\n   </td>\n  </tr>\n  <tr>\n   <td>\n    cpu\n   </td>\n   <td>\n    Intel(R) Xeon(R) CPU  E5506  @ 2.13GHz * 8 , 64bit\n   </td>\n  </tr>\n  <tr>\n   <td>\n    mem\n   </td>\n   <td>\n    8G+\n   </td>\n  </tr>\n </tbody>\n</table>', NULL, '', 0, 68, 9),
(66, '模拟负载', 0, 0, 0, '<table class="docutils">\n <tbody>\n  <tr>\n   <td>\n    name\n   </td>\n   <td>\n    version\n   </td>\n  </tr>\n  <tr>\n   <td>\n    v1\n   </td>\n   <td>\n    80%\n   </td>\n  </tr>\n  <tr>\n   <td>\n    gallery\n   </td>\n   <td>\n    20%\n   </td>\n  </tr>\n  <tr>\n   <td>\n    brand\n   </td>\n   <td>\n    10%\n   </td>\n  </tr>\n  <tr>\n   <td>\n    product\n   </td>\n   <td>\n    20%\n   </td>\n  </tr>\n  <tr>\n   <td>\n    order create\n   </td>\n   <td>\n    1%\n   </td>\n  </tr>\n  <tr>\n   <td>\n    search\n   </td>\n   <td>\n    5%\n   </td>\n  </tr>\n </tbody>\n</table>', NULL, '', 0, 68, 0),
(67, 'windows-Apache单机部署(开发版本)', 0, 0, 0, '<pre class="mark">声明:\n此方案只限于本地化开发.\n</pre>', NULL, '', 0, 15, 0),
(68, '线上部署', 0, 0, 0, '<pre class="mark">用于正式发布\n<pre class="brush:php"><php></pre>\n </pre>', NULL, '', 0, 15, 0),
(69, '第一步：下载安装的文件', 0, 0, 0, '', NULL, '', 0, 67, 16),
(70, '第二步：安装文件', 0, 0, 0, '', NULL, '', 0, 67, 14),
(71, '第三步：配置 Apache', 0, 0, 0, '', NULL, '', 0, 67, 12),
(72, '第四步：配置PHP(修改完php.ini记得重新启动Apache服务)', 0, 0, 0, '', NULL, '', 0, 67, 10),
(73, '第五步：测试', 0, 0, 0, '', NULL, '', 0, 67, 8),
(74, '第六步：安装ZendLoader', 0, 0, 0, '', NULL, '', 0, 67, 6),
(75, '最后一步：----', 0, 0, 0, '', NULL, '', 0, 67, 4),
(76, '需要的软件', 0, 0, 0, '', NULL, '', 0, 67, 18),
(78, 'mongodb 集群方案', 0, 0, 0, '<p>\n php_mongo.dll 5.4下载\n</p>\n<p>\n http://pecl.php.net/package/mongo/1.4.5/windows\n</p>', NULL, '', 0, 8, 211111),
(77, '操作系统版本', 0, 0, 0, '', NULL, '', 0, 67, 11111),
(79, 'mongodb集群方案', 0, 0, 0, '<p>\n Mongodb的三种集群方式的搭建：Replica Set / Sharding / MasterSlaver。\n</p>\n<p>\n 本文档只说明副本集集群搭建方式，其他方案请自行搜索。\n</p>\n<p>\n mongodb的安装请参考其他文档\n</p>', NULL, '', 0, 78, 0),
(80, 'Replica Set(副本集)', 0, 0, 0, '<ul>\n <li>\n  可以实现自动的failover和自动的recovery,。\n </li>\n <li>\n  由两个或者更多的节点组成，实现彼此的复制。\n </li>\n <li>\n  自动选择primary节点，没有一个节点是固定的primary。\n </li>\n <li>\n  解决单点失效的问题\n </li>\n <li>\n  mongos会自动发现一个replica set的primary节点发生变化，并将写操作发送给这个新的primary节点。\n </li>\n</ul>\n<p>\n 官方文档 <a href="http://docs.mongodb.org/manual/core/replication-introduction/">http://docs.mongodb.org/manual/core/replication-introduction/</a> \n</p>\n<p>\n <img src="/A/kindeditor-4.1.10/attached/image/20150213/20150213161430_97451.png" alt="" />\n</p>\n<p>\n <br />\n</p>\n<p>\n <ul>\n  <li>\n   Mongodb(M)表示主节点，Mongodb(S)表示备节点，Mongodb(A)表示仲裁节点。\n  </li>\n </ul>\n <ul>\n  <li>\n   主备节点存储数据，仲裁节点不存储数据。客户端同时连接主节点与备节点，不连接仲裁节点。\n  </li>\n </ul>\n <ul>\n  <li>\n   默认设置下，主节点提供所有增删查改服务，备节点不提供任何服务。\n  </li>\n </ul>\n <ul>\n  <li>\n   但是可以通过设置使备节点提供查询服务，这样就可以减少主节点的压力，当客户端进行数据查询时，请求自动转到备节点上,这个设置叫做Read Preference Modes。\n  </li>\n </ul>\n <ul>\n  <li>\n   仲裁节点是一种特殊的节点，它本身并不存储数据，主要的作用是决定哪一个备节点在主节点挂掉之后提升为主节点，所以客户端不需要连接此节点。\n  </li>\n </ul>\n <ul>\n  <li>\n   这里虽然只有一个备节点，但是仍然需要一个仲裁节点来提升备节点级别。\n  </li>\n </ul>\n <ul>\n  <li>\n   如果启用的mongodb服务器是偶数台服务器，则有必要增加一个仲裁节点，否则主节点出问题了不能重新选择某个服务器作为新的主节点，。\n  </li>\n </ul>\n</p>', NULL, '', 0, 78, 0),
(81, 'Replica Set(副本集) 搭建', 0, 0, 0, '<ul>\n <li>\n  建立数据文件夹\n  <p>\n   一般情况下不会把数据目录建立在mongodb的解压目录下，不过这里方便起见，就建在mongodb解压目录下吧。\n  </p>\n<pre>mkdir -p /usr/local/webserver/mongodb/data/\nmkdir -p /usr/local/webserver/mongodb/data/\nmkdir -p /usr/local/webserver/mongodb/data/\n#三个目录分别对应主，备，仲裁节点\n</pre>\n </li>\n</ul>\n<ul>\n <li>\n  建立配置文件\n  <p>\n   由于配置比较多，所以我们将配置写到文件里。\n  </p>\n<pre>#ip:192.168.51.10\n#config:/usr/local/webserver/mongodb/mongo.conf  \ndbpath=/usr/local/webserver/mongodb/data/                  #数据存放目录\nlogpath=/usr/local/webserver/mongodb/data/mongodb_logs.log #日志文件路径，这个不是目录哦\npidfilepath=/var/run/mongo.pid     #进程文件\ndirectoryperdb=true                #每个数据库单独存放在一个目录\nlogappend=true                     #以追加的方式记录日志\nreplSet=repmongo                   #Replicate set 的名字（随意）\nbind_ip=192.168.51.10,127.0.0.1    #监听地址\nport=27017                         #监听端口\noplogSize=1000                     #oplog文件的大小，单位Mb，默认为磁盘剩余的5%，后期修改较为麻烦，建议根据业务读写比例，做合理修改\nfork=true                          #以后台方式运行进程\n</pre>\n<pre>#ip:192.168.51.11\n#config:/usr/local/webserver/mongodb/mongo.conf  \ndbpath=/usr/local/webserver/mongodb/data/                  #数据存放目录\nlogpath=/usr/local/webserver/mongodb/data/mongodb_logs.log #日志文件路径，这个不是目录哦\npidfilepath=/var/run/mongo.pid     #进程文件\ndirectoryperdb=true                #每个数据库单独存放在一个目录\nlogappend=true                     #以追加的方式记录日志\nreplSet=repmongo                   #Replicate set 的名字（随意）\nbind_ip=192.168.51.11,127.0.0.1    #监听地址\nport=27017                         #监听端口\noplogSize=1000                     #oplog文件的大小，单位Mb，默认为磁盘剩余的5%，后期修改较为麻烦，建议根据业务读写比例，做合理修改\nfork=true                          #以后台方式运行进程\n</pre>\n<pre>#ip:192.168.51.12\n#config:/usr/local/webserver/mongodb/mongo.conf  \ndbpath=/usr/local/webserver/mongodb/data/                  #数据存放目录\nlogpath=/usr/local/webserver/mongodb/data/mongodb_logs.log #日志文件路径，这个不是目录哦\npidfilepath=/var/run/mongo.pid     #进程文件\ndirectoryperdb=true                #每个数据库单独存放在一个目录\nlogappend=true                     #以追加的方式记录日志\nreplSet=repmongo                   #Replicate set 的名字（随意）\nbind_ip=192.168.51.12,127.0.0.1    #监听地址\nport=27017                         #监听端口\noplogSize=1000                     #oplog文件的大小，单位Mb，默认为磁盘剩余的5%，后期修改较为麻烦，建议根据业务读写比例，做合理修改\nfork=true                          #以后台方式运行进程\nnoprealloc=true                    #不预先分配存储\n</pre>\n </li>\n</ul>\n<ul>\n <li>\n  启动mongodb\n  <p>\n   ip:192.168.51.10\n  </p>\n<pre>/usr/local/webserver/mongodb/bin/mongo -f /usr/local/webserver/mongodb/mongo.conf  \n</pre>\nip:192.168.51.11\n<pre>/usr/local/webserver/mongodb/bin/mongo -f /usr/local/webserver/mongodb/mongo.conf  \n</pre>\nip:192.168.51.12\n<pre>/usr/local/webserver/mongodb/bin/mongo -f /usr/local/webserver/mongodb/mongo.conf  \n</pre>\n注意配置文件的路径一定要保证正确，可以是相对路径也可以是绝对路径。\n </li>\n</ul>\n<ul>\n <li>\n  配置主，备，仲裁节点\n  <ul>\n   <li>\n    可以通过客户端连接mongodb，也可以直接在三个节点中选择一个连接mongodb。\n<pre>/usr/local/webserver/mongodb/bin/mongo 192.168.51.10:27017   #ip和port是某个节点的地址  \n>use admin  \n>config={ _id:"repmongo", members:[ {_id:0,host:''192.168.51.10:27017'',priority:2}, {_id:1,host:''192.168.51.10:27017'',priority:1},   \n{_id:2,host:''192.168.51.10:27017'',arbiterOnly:true}] };  \n>rs.initiate(config)             #使配置生效  \n</pre>\n   </li>\n   <li>\n    config 是可以任意的名字，当然最好不要是mongodb的关键字，conf，config都可以。\n   </li>\n   <li>\n    最外层的_id表示replica set的名字，members里包含的是所有节点的地址以及优先级。\n   </li>\n   <li>\n    优先级最高的即成为主节点，即这里的192.168.51.10:27017。特别注意的是，对于仲裁节点，需要有个特别的配置——arbiterOnly:true。\n   </li>\n   <li>\n    这个千万不能少了，不然主备模式就不能生效。\n   </li>\n   <li>\n    配置的生效时间根据不同的机器配置会有长有短，配置不错的话基本上十几秒内就能生效，有的配置需要一两分钟。\n   </li>\n   <li>\n    如果生效了，执行rs.status()命令会看到如下信息：\n<pre>{  \n        "set" : "repmongo",  \n        "date" : ISODate("2013-01-05T02:44:43Z"),  \n        "myState" : 1,  \n        "members" : [  \n                {  \n                        "_id" : 0,  \n                        "name" : "192.168.51.10:27017",  \n                        "health" : 1,  \n                        "state" : 1,  \n                        "stateStr" : "PRIMARY",  \n                        "uptime" : 200,  \n                        "optime" : Timestamp(1357285565000, 1),  \n                        "optimeDate" : ISODate("2013-01-04T07:46:05Z"),  \n                        "self" : true  \n                },  \n                {  \n                        "_id" : 1,  \n                        "name" : "192.168.51.11:27017",  \n                        "health" : 1,  \n                        "state" : 2,  \n                        "stateStr" : "SECONDARY",  \n                        "uptime" : 200,  \n                        "optime" : Timestamp(1357285565000, 1),  \n                        "optimeDate" : ISODate("2013-01-04T07:46:05Z"),  \n                        "lastHeartbeat" : ISODate("2013-01-05T02:44:42Z"),  \n                        "pingMs" : 0  \n                },  \n                {  \n                        "_id" : 2,  \n                        "name" : "192.168.51.12:27017",  \n                        "health" : 1,  \n                        "state" : 7,  \n                        "stateStr" : "ARBITER",  \n                        "uptime" : 200,  \n                        "lastHeartbeat" : ISODate("2013-01-05T02:44:42Z"),  \n                        "pingMs" : 0  \n                }  \n        ],  \n        "ok" : 1  \n}  \n</pre>\n    <p>\n     如果配置正在生效，其中会包含如下信息：\n    </p>\n<pre>"stateStr" : "RECOVERING"  \n</pre>\n   </li>\n   <li>\n    同时可以查看对应节点的日志，发现正在等待别的节点生效或者正在分配数据文件。\n   </li>\n   <li>\n    现在基本上已经完成了集群的所有搭建工作。至于测试工作，可以留给大家自己试试。\n   </li>\n   <li>\n    一个是往主节点插入数据，能从备节点查到之前插入的数据（查询备节点可能会遇到某个问题，可以自己去网上查查看）。\n   </li>\n   <li>\n    二是停掉主节点，备节点能变成主节点提供服务。\n   </li>\n   <li>\n    三是恢复主节点，备节点也能恢复其备的角色，而不是继续充当主的角色。\n   </li>\n   <li>\n    二和三都可以通过rs.status()命令实时查看集群的变化。\n   </li>\n  </ul>\n </li>\n</ul>\n<p>\n 如果从库无法读，解决办法\n</p>\n<pre>rs.slaveOk();       //从库开启\n</pre>\necstore中配置\n<p>\n 修改ecstore2.0的config文件\n</p>\n<pre class="mark">#仲裁节点ip不需要连接，所以这里不用填\ndefine(''MONGODB_SERVER_CONFIG'', ''mongodb://192.168.51.10:27017,192.168.51.11:27017'');\n</pre>', NULL, '', 0, 78, 0),
(82, 'Mysql主重复制/读写分离方案', 0, 0, 0, '', NULL, '', 0, 8, 2111),
(83, '实践原理', 0, 0, 0, '<p>\n MySQL主从复制(Master-Slave)与读写分离(MySQL-Proxy)实践\n</p>\n<p>\n Mysql作为目前世界上使用最广泛的免费数据库，相信所有从事系统运维的工程师都一定接触过。但在实际的生产环境中，由单台Mysql作为独立的数据库是完全不能满足实际需求的，无论是在安全性，高可用性以及高并发等各个方面。\n</p>\n<p>\n 因此，一般来说都是通过 主从复制（Master-Slave）的方式来同步数据，再通过读写分离（MySQL-Proxy）来提升数据库的并发负载能力 这样的方案来进行部署与实施的。\n</p>\n<p>\n 如下图所示：\n</p>\n<p>\n <img src="/A/kindeditor-4.1.10/attached/image/20150213/20150213161940_85577.jpg" alt="" />\n</p>\n<p>\n <br />\n</p>\n<p>\n <br />\n</p>', NULL, '', 0, 82, 0),
(84, '一、MySQL的安装与配置', 0, 0, 0, '<p>\n 具体的安装过程，建议参考我的这一篇文章：http://heylinux.com/archives/993.html\n</p>\n<p>\n 值得一提的是，我的安装过程都是源码包编译安装的，并且所有的配置与数据等都统一规划到了/opt/mysql目录中，因此在一台服务器上安装完成以后，可以将整个mysql目录打包，然后传到其它服务器上解包，便可立即使用。\n</p>', NULL, '', 0, 82, 0),
(85, '二、MySQL主从复制', 0, 0, 0, '场景描述：<br />\n主数据库服务器：192.168.10.130，MySQL已经安装，并且无应用数据。<br />\n从数据库服务器：192.168.10.131，MySQL已经安装，并且无应用数据。', NULL, '', 0, 82, 0),
(86, '三、MySQL读写分离', 0, 0, 0, '场景描述：<br />\n数据库Master主服务器：192.168.10.130<br />\n数据库Slave从服务器：192.168.10.131<br />\nMySQL-Proxy调度服务器：192.168.10.132\n<p>\n 以下操作，均是在192.168.10.132即MySQL-Proxy调度服务器 上进行的。\n</p>', NULL, '', 0, 82, 0),
(87, '四、经验分享', 0, 0, 0, '1.当MySQL主从复制在 show slave status\\G \n时出现Slave_IO_Running或Slave_SQL_Running 的值不为YES时，需要首先通过 stop slave \n来停止从服务器，然后再执行一次本文 2.1与2.2 \n章节中的步骤即可恢复，但如果想尽可能的同步更多的数据，可以在Slave上将master_log_pos节点的值在之前同步失效的值的基础上增大一\n些，然后反复测试，直到同步OK。因为MySQL主从复制的原理其实就是从服务器读取主服务器的binlog，然后根据binlog的记录来更新数据库。\n<p>\n 2.MySQL-Proxy的rw-splitting.lua脚本在网上有很多版本，但是最准确无误的版本仍然是源码包中所附带的lib/rw-splitting.lua脚本，如果有lua脚本编程基础的话，可以在这个脚本的基础上再进行优化；\n</p>\n<p>\n 3.MySQL-Proxy实际上非常不稳定，在高并发或有错误连接的情况下，进程很容易自动关闭，因此打开--keepalive参数让进程自动\n恢复是个比较好的办法，但还是不能从根本上解决问题，因此通常最稳妥的做法是在每个从服务器上安装一个MySQL-Proxy供自身使用，虽然比较低效但\n却能保证稳定性；\n</p>\n<p>\n 4.一主多从的架构并不是最好的架构，通常比较优的做法是通过程序代码和中间件等方面，来规划，比如设置对表数据的自增id值差异增长等方式来实现两个或多个主服务器，但一定要注意保证好这些主服务器数据的完整性，否则效果会比多个一主多从的架构还要差；\n</p>\n<p>\n 5.MySQL-Cluster 的稳定性也不是太好；\n</p>\n<p>\n 6.Amoeba for MySQL 是一款优秀的中间件软件，同样可以实现读写分离，负载均衡等功能，并且稳定性要大大超过MySQL-Proxy，建议大家用来替代MySQL-Proxy，甚至MySQL-Cluster。\n</p>', NULL, '', 0, 82, 0),
(88, '2.1 主服务器上进行的操作', 0, 0, 0, '启动mysql服务<br />\n/opt/mysql/init.d/mysql start\n<p>\n 通过命令行登录管理MySQL服务器<br />\n/opt/mysql/bin/mysql -uroot -p''new-password''\n</p>\n<p>\n 授权给从数据库服务器192.168.10.131<br />\nmysql> GRANT REPLICATION SLAVE ON *.* to ''rep1''@''192.168.10.131'' identified by ‘password’;\n</p>\n<p>\n 查询主数据库状态<br />\nMysql> show master status;<br />\n+------------------+----------+--------------+------------------+<br />\n| File | Position | Binlog_Do_DB | Binlog_Ignore_DB |<br />\n+------------------+----------+--------------+------------------+<br />\n| mysql-bin.000005 | 261 | | |<br />\n+------------------+----------+--------------+------------------+\n</p>\n<p>\n 记录下 FILE 及 Position 的值，在后面进行从服务器操作的时候需要用到。\n</p>', NULL, '', 0, 85, 0),
(89, '2.2 配置从服务器', 0, 0, 0, '修改从服务器的配置文件/opt/mysql/etc/my.cnf<br />\n将 server-id = 1修改为 server-id = 10，并确保这个ID没有被别的MySQL服务所使用。\n<p>\n 启动mysql服务<br />\n/opt/mysql/init.d/mysql start\n</p>\n<p>\n 通过命令行登录管理MySQL服务器<br />\n/opt/mysql/bin/mysql -uroot -p''new-password''\n</p>\n<p>\n 执行同步SQL语句<br />\nmysql> change master to<br />\nmaster_host=’192.168.10.130’,<br />\nmaster_user=’rep1’,<br />\nmaster_password=’password’,<br />\nmaster_log_file=’mysql-bin.000005’,<br />\nmaster_log_pos=261;\n</p>\n<p>\n 正确执行后启动Slave同步进程<br />\nmysql> start slave;\n</p>\n<p>\n 主从同步检查<br />\nmysql> show slave status\\G<br />\n==============================================<br />\n**************** 1. row *******************<br />\nSlave_IO_State:<br />\nMaster_Host: 192.168.10.130<br />\nMaster_User: rep1<br />\nMaster_Port: 3306<br />\nConnect_Retry: 60<br />\nMaster_Log_File: mysql-bin.000005<br />\nRead_Master_Log_Pos: 415<br />\nRelay_Log_File: localhost-relay-bin.000008<br />\nRelay_Log_Pos: 561<br />\nRelay_Master_Log_File: mysql-bin.000005<br />\nSlave_IO_Running: YES<br />\nSlave_SQL_Running: YES<br />\nReplicate_Do_DB:<br />\n……………省略若干……………<br />\nMaster_Server_Id: 1<br />\n1 row in set (0.01 sec)<br />\n==============================================\n</p>\n<p>\n 其中Slave_IO_Running 与 Slave_SQL_Running 的值都必须为YES，才表明状态正常。\n</p>\n<p>\n <strong>如果主服务器已经存在应用数据，则在进行主从复制时，需要做以下处理：</strong><br />\n(1)主数据库进行锁表操作，不让数据再进行写入动作<br />\nmysql> FLUSH TABLES WITH READ LOCK;\n</p>\n<p>\n (2)查看主数据库状态<br />\nmysql> show master status;\n</p>\n<p>\n (3)记录下 FILE 及 Position 的值。<br />\n将主服务器的数据文件（整个/opt/mysql/data目录）复制到从服务器，建议通过tar归档压缩后再传到从服务器解压。\n</p>\n<p>\n (4)取消主数据库锁定<br />\nmysql> UNLOCK TABLES;\n</p>', NULL, '', 0, 85, 0),
(90, '2.3 验证主从复制效果', 0, 0, 0, '<p>\n <strong>主服务器上的操作</strong><br />\n在主服务器上创建数据库first_db<br />\nmysql> create database first_db;<br />\nQuery Ok, 1 row affected (0.01 sec)\n</p>\n<p>\n 在主服务器上创建表first_tb<br />\nmysql> create table first_tb(id int(3),name char(10));<br />\nQuery Ok, 1 row affected (0.00 sec)\n</p>\n<p>\n 在主服务器上的表first_tb中插入记录<br />\nmysql> insert into first_tb values (001,’myself’);<br />\nQuery Ok, 1 row affected (0.00 sec)\n</p>\n<p>\n <strong>在从服务器上查看</strong><br />\nmysql> show databases;<br />\n=============================<br />\n+--------------------+<br />\n| Database |<br />\n+--------------------+<br />\n| information_schema |<br />\n| first_db |<br />\n| mysql |<br />\n| performance_schema |<br />\n| test |<br />\n+--------------------+<br />\n5 rows in set (0.01 sec)<br />\n=============================<br />\n数据库first_db已经自动生成\n</p>\n<p>\n mysql> use first_db<br />\nDatabase chaged\n</p>\n<p>\n mysql> show tables;<br />\n=============================<br />\n+--------------------+<br />\n| Tables_in_first_db |<br />\n+--------------------+<br />\n| first_tb |<br />\n+--------------------+<br />\n1 row in set (0.02 sec)<br />\n=============================<br />\n数据库表first_tb也已经自动创建\n</p>\n<p>\n mysql> select * from first_tb;<br />\n=============================<br />\n+------+------+<br />\n| id | name |<br />\n+------+------+<br />\n| 1 | myself |<br />\n+------+------+<br />\n1 rows in set (0.00 sec)<br />\n=============================<br />\n记录也已经存在\n</p>\n<p>\n 由此，整个MySQL主从复制的过程就完成了，接下来，我们进行MySQL读写分离的安装与配置。\n</p>', NULL, '', 0, 85, 0),
(91, '3.1 MySQL的安装与配置', 0, 0, 0, '具体的安装过程与上文相同。', NULL, '', 0, 86, 0),
(92, '3.2 检查系统所需软件包', 0, 0, 0, '通过 rpm -qa | grep name 的方式验证以下软件包是否已全部安装。<br />\ngcc* gcc-c++* autoconf* automake* zlib* libxml* ncurses-devel* libmcrypt* libtool* flex* pkgconfig*<br />\nlibevent* glib*\n<p>\n 若缺少相关的软件包，可通过yum -y install方式在线安装，或直接从系统安装光盘中找到并通过rpm -ivh方式安装。\n</p>', NULL, '', 0, 86, 0),
(93, '3.3 编译安装lua', 0, 0, 0, 'MySQL-Proxy的读写分离主要是通过rw-splitting.lua脚本实现的，因此需要安装lua。\n<p>\n lua可通过以下方式获得<br />\n从http://www.lua.org/download.html下载源码包\n</p>\n<p>\n 从rpm.pbone.net搜索相关的rpm包<br />\ndownload.fedora.redhat.com/pub/fedora/epel/5/i386/lua-5.1.4-4.el5.i386.rpm<br />\ndownload.fedora.redhat.com/pub/fedora/epel/5/x86_64/lua-5.1.4-4.el5.x86_64.rpm\n</p>\n<p>\n 这里我们建议采用源码包进行安装<br />\ncd /opt/install<br />\nwget http://www.lua.org/ftp/lua-5.1.4.tar.gz<br />\ntar zvfx lua-5.1.4.tar.gz<br />\ncd lua-5.1.4\n</p>\n<p>\n vi src/Makefile<br />\n在 CFLAGS= -O2 -Wall $(MYCFLAGS) 这一行记录里加上-fPIC，更改为 CFLAGS= -O2 -Wall -fPIC $(MYCFLAGS) 来避免编译过程中出现错误。\n</p>\n<p>\n make linux<br />\nmake install\n</p>\n<p>\n cp etc/lua.pc /usr/lib/pkgconfig/<br />\nexport PKG_CONFIG_PATH=$PKG_CONFIG_PATH:/usr/lib/pkgconfig\n</p>', NULL, '', 0, 86, 0),
(94, '3.4 安装配置MySQL-Proxy', 0, 0, 0, 'MySQL-Proxy可通过以下网址获得：<br />\n<a href="http://mysql.cdpa.nsysu.edu.tw/Downloads/MySQL-Proxy/" target="_blank"><span>http://mysql.cdpa.nsysu.edu.tw/Downloads/MySQL-Proxy/</span></a> \n<p>\n 推荐采用已经编译好的二进制版本，因为采用源码包进行编译时，最新版的MySQL-Proxy对automake，glib以及libevent的版本都有很高的要求，而这些软件包都是系统的基础套件，不建议强行进行更新。<br />\n并且这些已经编译好的二进制版本在解压后都在统一的目录内，因此建议选择以下版本：<br />\n32位RHEL5平台：<br />\n<a href="http://mysql.cdpa.nsysu.edu.tw/Downloads/MySQL-Proxy/mysql-proxy-0.8.1-linux-rhel5-x86-32bit.tar.gz" target="_blank"><span>http://mysql.cdpa.nsysu.edu.tw/Downloads/MySQL-Proxy/mysql-proxy-0.8.1-linux-rhel5-x86-32bit.tar.gz</span></a><br />\n64位RHEL5平台：<br />\n<a href="http://mysql.cdpa.nsysu.edu.tw/Downloads/MySQL-Proxy/mysql-proxy-0.8.1-linux-rhel5-x86-64bit.tar.gz" target="_blank"><span>http://mysql.cdpa.nsysu.edu.tw/Downloads/MySQL-Proxy/mysql-proxy-0.8.1-linux-rhel5-x86-64bit.tar.gz</span></a> \n</p>\n<p>\n 测试平台为RHEL5 32位，因此选择32位的软件包<br />\nwget http://mysql.cdpa.nsysu.edu.tw/Downloads/MySQL-Proxy/mysql-proxy-0.8.1-linux-rhel5-x86-32bit.tar.gz\n</p>\n<p>\n tar xzvf mysql-proxy-0.8.1-linux-rhel5-x86-32bit.tar.gz<br />\nmv mysql-proxy-0.8.1-linux-rhel5-x86-32bit /opt/mysql-proxy\n</p>\n<p>\n 创建mysql-proxy服务管理脚本<br />\nmkdir /opt/mysql-proxy/init.d/\n</p>\n<p>\n vim mysql-proxy\n</p>\n<div id="highlighter_141647" class="syntaxhighlighter bash">\n <p>\n  <br />\n </p>\n <p>\n  01     #!/bin/sh<br />\n02     #<br />\n03     # mysql-proxy This script starts and stops the mysql-proxy daemon<br />\n04     #<br />\n05     # chkconfig: - 78 30<br />\n06     # processname: mysql-proxy<br />\n07     # description: mysql-proxy is a proxy daemon to mysql<br />\n08       <br />\n09     # Source function library.<br />\n10     . /etc/rc.d/init.d/functions<br />\n11       <br />\n12     #PROXY_PATH=/usr/local/bin<br />\n13     PROXY_PATH=/opt/mysql-proxy/bin<br />\n14       <br />\n15     prog="mysql-proxy"<br />\n16       <br />\n17     # Source networking configuration.<br />\n18     . /etc/sysconfig/network<br />\n19       <br />\n20     # Check that networking is up.<br />\n21     [ ${NETWORKING} = "no" ] && exit 0<br />\n22       <br />\n23     # Set default mysql-proxy configuration.<br />\n24     #PROXY_OPTIONS="--daemon"<br />\n25     PROXY_OPTIONS="--admin-username=root --admin-password=password --proxy-read-only-backend-addresses=192.168.10.131:3306 --proxy-backend-addresses=192.168.10.130:3306  --admin-lua-script=/opt/mysql-proxy/lib/mysql-proxy/lua/admin.lua --proxy-lua-script=/opt/mysql-proxy/scripts/rw-splitting.lua"<br />\n26     PROXY_PID=/opt/mysql-proxy/run/mysql-proxy.pid<br />\n27       <br />\n28     # Source mysql-proxy configuration.<br />\n29     if [ -f /etc/sysconfig/mysql-proxy ]; then<br />\n30             . /etc/sysconfig/mysql-proxy<br />\n31     fi<br />\n32       <br />\n33     PATH=$PATH:/usr/bin:/usr/local/bin:$PROXY_PATH<br />\n34       <br />\n35     # By default it''s all good<br />\n36     RETVAL=0<br />\n37       <br />\n38     # See how we were called.<br />\n39     case "$1" in<br />\n40       start)<br />\n41             # Start daemon.<br />\n42             echo -n $"Starting $prog: "<br />\n43             $NICELEVEL $PROXY_PATH/mysql-proxy $PROXY_OPTIONS --daemon --pid-file=$PROXY_PID --user=mysql --log-level=warning --log-file=/opt/mysql-proxy/log/mysql-proxy.log<br />\n44             RETVAL=$?<br />\n45             echo<br />\n46             if [ $RETVAL = 0 ]; then<br />\n47                     touch /var/lock/subsys/mysql-proxy<br />\n48             fi<br />\n49            ;;<br />\n50       stop)<br />\n51             # Stop daemons.<br />\n52             echo -n $"Stopping $prog: "<br />\n53             killproc $prog<br />\n54             RETVAL=$?<br />\n55             echo<br />\n56             if [ $RETVAL = 0 ]; then<br />\n57                     rm -f /var/lock/subsys/mysql-proxy<br />\n58                     rm -f $PROXY_PID<br />\n59             fi<br />\n60            ;;<br />\n61       restart)<br />\n62             $0 stop<br />\n63             sleep 3<br />\n64             $0 start<br />\n65            ;;<br />\n66       condrestart)<br />\n67            [ -e /var/lock/subsys/mysql-proxy ] && $0 restart<br />\n68           ;;<br />\n69       status)<br />\n70             status mysql-proxy<br />\n71             RETVAL=$?<br />\n72            ;;<br />\n73       *)<br />\n74             echo "Usage: $0 {start|stop|restart|status|condrestart}"<br />\n75             RETVAL=1<br />\n76            ;;<br />\n77     esac<br />\n78       <br />\n79     exit $RETVAL\n </p>\n <div class="lines">\n  <div class="line alt1">\n   <table>\n    <tbody>\n     <tr>\n      <td class="number">\n       <br />\n      </td>\n      <td class="content">\n       <br />\n      </td>\n     </tr>\n    </tbody>\n   </table>\n  </div>\n </div>\n<br />\n</div>\n<p>\n <strong>脚本参数详解：</strong><br />\n==============================================<br />\nPROXY_PATH=/opt/mysql-proxy/bin //定义mysql-proxy服务二进制文件路径\n</p>\n<p>\n PROXY_OPTIONS="--admin-username=root \\\\\\\\ //定义内部管理服务器账号<br />\n--admin-password=password \\\\\\\\ //定义内部管理服务器密码<br />\n--proxy-read-only-backend-addresses=192.168.10.131:3306 \\\\\\\\ //定义后端只读从服务器地址<br />\n--proxy-backend-addresses=192.168.10.130:3306 \\\\\\\\ //定义后端主服务器地址<br />\n--admin-lua-script=/opt/mysql-proxy/lib/mysql-proxy/lua/admin.lua \\\\\\\\ //定义lua管理脚本路径<br />\n--proxy-lua-script=/opt/mysql-proxy/scripts/rw-splitting.lua" \\ //定义lua读写分离脚本路径\n</p>\n<p>\n PROXY_PID=/opt/mysql-proxy/run/mysql-proxy.pid //定义mysql-proxy PID文件路径\n</p>\n<p>\n $NICELEVEL $PROXY_PATH/mysql-proxy $PROXY_OPTIONS \\<br />\n--daemon \\ //定义以守护进程模式启动<br />\n--keepalive \\ //使进程在异常关闭后能够自动恢复<br />\n--pid-file=$PROXY_PID \\ //定义mysql-proxy PID文件路径<br />\n--user=mysql \\ //以mysql用户身份启动服务<br />\n--log-level=warning \\ //定义log日志级别，由高到低分别有(error|warning|info|message|debug)<br />\n--log-file=/opt/mysql-proxy/log/mysql-proxy.log //定义log日志文件路径<br />\n==============================================\n</p>\n<p>\n cp mysql-proxy /opt/mysql-proxy/init.d/<br />\nchmod +x /opt/mysql-proxy/init.d/mysql-proxy\n</p>\n<p>\n mkdir /opt/mysql-proxy/run<br />\nmkdir /opt/mysql-proxy/log\n</p>\n<p>\n mkdir /opt/mysql-proxy/scripts\n</p>\n<p>\n <strong>配置并使用rw-splitting.lua读写分离脚本</strong><br />\n最新的脚本我们可以从最新的mysql-proxy源码包中获取<br />\ncd /opt/install\n</p>\n<p>\n wget http://mysql.cdpa.nsysu.edu.tw/Downloads/MySQL-Proxy/mysql-proxy-0.8.1.tar.gz\n</p>\n<p>\n tar xzvf mysql-proxy-0.8.1.tar.gz<br />\ncd mysql-proxy-0.8.1<br />\ncp lib/rw-splitting.lua /opt/mysql-proxy/scripts\n</p>\n<p>\n 修改读写分离脚本rw-splitting.lua<br />\n修改默认连接，进行快速测试，不修改的话要达到连接数为4时才启用读写分离<br />\nvim /opt/mysql-proxy/scripts/rw-splitting.lua<br />\n=============================<br />\n-- connection pool<br />\nif not proxy.global.config.rwsplit then<br />\nproxy.global.config.rwsplit = {<br />\nmin_idle_connections = 1, //默认为4<br />\nmax_idle_connections = 1, //默认为8<br />\nis_debug = false<br />\n}<br />\nend<br />\n=============================\n</p>\n<p>\n 修改完成后，启动mysql-proxy<br />\n/opt/mysql-proxy/init.d/mysql-proxy start\n</p>', NULL, '', 0, 86, 0);
INSERT INTO `doc_document` (`id`, `title`, `titleonly`, `test`, `startscreen`, `content`, `content_hidden`, `url`, `enable`, `preid`, `sort`) VALUES
(95, '3.5 测试读写分离效果', 0, 0, 0, '创建用于读写分离的数据库连接用户<br />\n登陆主数据库服务器192.168.10.130，通过命令行登录管理MySQL服务器<br />\n/opt/mysql/bin/mysql -uroot -p''new-password''<br />\nmysql> GRANT ALL ON *.* TO ''proxy1''@''192.168.10.132'' IDENTIFIED BY ''password'';<br />\n由于我们配置了主从复制功能，因此从数据库服务器192.168.10.131上已经同步了此操作。\n<p>\n 为了清晰的看到读写分离的效果，需要暂时关闭MySQL主从复制功能<br />\n登陆从数据库服务器192.168.10.131，通过命令行登录管理MySQL服务器<br />\n/opt/mysql/bin/mysql -uroot -p''new-password''\n</p>\n<p>\n 关闭Slave同步进程<br />\nmysql> stop slave;<br />\nQuery OK, 0 rows affected (0.00 sec)\n</p>\n<p>\n 连接MySQL-Proxy<br />\n/opt/mysql/bin/mysql -uproxy1 -p''password'' -P4040 -h192.168.10.132\n</p>\n<p>\n 登陆成功后，在first_db数据的first_tb表中插入两条记录<br />\nmysql> use first_db;<br />\nDatabase changed<br />\nmysql> insert into first_tb values (007,’first’);<br />\nQuery Ok, 1 row affected (0.00 sec)<br />\nmysql> insert into first_tb values (110,’second’);<br />\nQuery Ok, 1 row affected (0.00 sec)\n</p>\n<p>\n 查询记录<br />\nmysql> select * from first_tb;<br />\n=============================<br />\n+------+------+<br />\n| id | name |<br />\n+------+------+<br />\n| 1 | myself |<br />\n+------+------+<br />\n1 rows in set (0.00 sec)<br />\n=============================<br />\n通过读操作并没有看到新记录\n</p>\n<p>\n mysql> quit<br />\n退出MySQL-Proxy\n</p>\n<p>\n 下面，分别登陆到主从数据库服务器，对比记录信息<br />\n首先，检查主数据库服务器<br />\nmysql> select * from first_tb;<br />\n=============================<br />\n+------+------+<br />\n| id | name |<br />\n+------+------+<br />\n| 1 | myself |<br />\n+------+------+<br />\n| 007 | first |<br />\n+------+------+<br />\n| 110 | second |<br />\n+------+------+<br />\n3 rows in set (0.00 sec)<br />\n=============================<br />\n两条新记录都已经存在\n</p>\n<p>\n 然后，检查从数据库服务器<br />\nmysql> select * from first_tb;<br />\n=============================<br />\n+------+------+<br />\n| id | name |<br />\n+------+------+<br />\n| 1 | myself |<br />\n+------+------+<br />\n1 rows in set (0.00 sec)<br />\n=============================<br />\n没有新记录存在\n</p>\n<p>\n 由此验证，我们已经实现了MySQL读写分离，目前所有的写操作都全部在Master主服务器上，用来避免数据的不同步；<br />\n另外，所有的读操作都分摊给了其它各个Slave从服务器上，用来分担数据库压力。\n</p>', NULL, '', 0, 86, 0),
(96, '缓存方案', 0, 0, 0, '', NULL, '', 0, 8, 26),
(97, '缓存机制', 0, 0, 0, '<p>\n 设置了多重缓存结构\n</p>\n<p>\n 在存储上也采用多层存储的结构\n</p>', NULL, '', 0, 96, 0),
(98, '静态全页缓存(ecstore1.3)', 0, 0, 0, '', NULL, '', 0, 97, 0),
(99, 'widgets 缓存', 0, 0, 0, '', NULL, '', 0, 97, 0),
(100, '区域缓存', 0, 0, 0, '', NULL, '', 0, 97, 0),
(101, '方法缓存', 0, 0, 0, '', NULL, '', 0, 97, 0),
(102, '缓存过期判断条件', 0, 0, 0, '', NULL, '', 0, 97, 0),
(103, '模板缓存', 0, 0, 0, '', NULL, '', 0, 97, 0),
(104, '缓存管理', 0, 0, 0, '', NULL, '', 0, 97, 0),
(105, 'key-value存储机制', 0, 0, 0, '', NULL, '', 0, 8, 0),
(106, '单例模式', 0, 0, 0, '<pre class="mark">单例模式，顾名思义就是只需要只有一个实例化对象，而且自行实例化并向整个系统提供这个实例。在软件的设计中，单例模式是非常常用的。实例化一次，\n节省了大量的资源，而且单例模式在一定程度上可以替换类中引入全局变量而导致的bug。因为全局变量将类捆绑于特定的环境中。破坏了封装，这样的类很难被\n其他的应用<span class="wp_keywordlink">程序</span>所通用。使用单例模式则能够将类更好的组织，并且复用。\n</pre>\n单例模式是一种常见的设计模式，在计算机系统中，线程池、缓存、日志对象、对话框、打印机、数据库操作、显卡的驱动程序常被设计成单例。\n单例模式有以下3个特点：\n<ol>\n <li class="p0">\n  只能有一个实例。\n </li>\n <li class="p0">\n  必须自行创建这个实例。\n </li>\n <li class="p0">\n  必须给其他对象提供这一实例。\n </li>\n</ol>\n<p>\n <br />\n</p>\n<p>\n 来看一段简单的代码了解单例模式\n</p>\n<pre class="brush:php">class Preference{ \n private $props = array(); \n public static $instance; \n private function __construct(){} \n public static function getInstance(){ \n  !(self::$instance instanceof self)&&self::$instance = new Preference(); \n  //empty(self::$instance) && self::$instance = new Preference(); \n  return self::$instance; \n } \n private function __clone(){} \n public function setProperty($key,$val){ \n  $this->props[$key] = $val;\n }\n public function getProperty($key){\n  return $this->props[$key];\n }\n}\n$pre = Preference::getInstance();\n\n$pre->setProperty(''name'',''乔布斯'');\n\n$pre2 = Preference::getInstance();\n\nprint $pre2->getProperty(''name'');</pre>\n<p>\n 上面这段代码就实现了单例模式\n</p>\n<h4>\n <strong><span>说明</span></strong> \n</h4>\n<p>\n 在这个系统中,\n</p>\n<ul>\n <li>\n  构造方法是private,不能被实例化\n </li>\n <li>\n  可以用静态方法getInstance间接实例化对象(方法内部实例化本类，并返回该实例)\n </li>\n <li>\n  克隆方法private,不能被克隆\n </li>\n <li>\n  instance属性 private的,不能在外部访问,\n </li>\n <li>\n  getInstance方法可以访问到instance属性,\n </li>\n <li>\n  getInstance方法是public static 可以在任何地方被调用.\n </li>\n <li>\n  只有一个实例\n </li>\n</ul>\n<p>\n UML:\n</p>\n<p>\n <strong><span>单例模式作用范围</span></strong> \n</p>\n<ol>\n <li>\n  php的应用主要用于数据库，所以一个应用中会存在大量的数据库操作，使用单例模式，则可以避免大量new操作消耗的资源\n </li>\n <li>\n  如果系统中需要一个类来全局控制某些配置信息，那么使用单例模式可以很方便的实现。参照ZF的FrontController部分\n </li>\n <li>\n  在一个页面请求汇总，便于进行调试，因为所有的代码都集中在一个类中，我们可以在类中设置钩子，输出日志，从而避免到处var_dump，echo。\n </li>\n</ol>\n<p>\n 后面我们来学习,怎么用单例模式建立数据库对象,全局配置对象,日志对象,debug对象\n</p>\n<p>\n to be continue ….\n</p>', NULL, '', 0, 17, 0),
(109, '一:介绍', 0, 0, 0, '<p >\n 使用MongoDB设计数据库，就不要按照关系型数据库的思维来做，如范式化数据。因为MongoDB不支持服务端的join查询。一般来说，在对于顶端的对象都要用单独的collection进行存储。\n</p>\n<p >\n 当然不需要望每个对象都要创建一个collection。可替代的策略是使用嵌入对象(embed object)。\n</p>\n<p >\n 例子，在下面的图，有两个collection。\n</p>\n<p >\n 分别是student和courses。\n</p>\n<p >\n student document嵌入了address对象并和score document。并且有个引用到courses。\n</p>\n<p >\n <span><img src="http://www.mongodb.org/download/attachments/131465/reference.jpg?version=1&modificationDate=1253899724083" alt="" border="0" /></span>\n</p>\n<p >\n 相比较关系模型，一般会把score单独存储到一张表中并且有个外键关联到student。\n</p>', NULL, '', 0, 108, 0),
(107, '工厂模式', 0, 0, 0, '', NULL, '', 0, 17, 0),
(108, 'MongoDB Schema Design 数据库设计', 0, 0, 0, '', NULL, '', 0, 22, 0),
(111, '三 : 示例', 0, 0, 0, '<p >\n 让我们看看一些示例\n</p>\n<ul >\n <li >\n  Customer / Order / Order Line-Item   <ul >\n   <li >\n    orders<span> </span>应该是一个collection。<span> </span>customers<span> </span>是一个 collection.\n   </li>\n   <li >\n     line-items 应该是order的一个内嵌数组对象。\n   </li>\n  </ul>\n </li>\n <li >\n  Blogging system.   <ul >\n   <li >\n    posts<span> </span>应该是一个  collection.<span> </span>post author<span> 可以是一个</span> 独立的 collection, \n   </li>\n   <li >\n    或者如果仅仅是一个email地址，可以作为posts的字段。comments<span> 应该是posts中的内嵌对象。</span> \n   </li>\n  </ul>\n </li>\n</ul>', NULL, '', 0, 108, 0),
(112, '四 : 索引的选择', 0, 0, 0, '<p >\n 第二个比较重要的是索引的选择. 作为通用规则，如果在关系型数据库需要添加索引，那么MongoDB也一样。\n</p>\n<ul >\n <li >\n  _id<span> 字段自动索引。</span> \n </li>\n <li >\n  查询的字段应该索引。\n </li>\n <li >\n  排序字段需要索引。\n </li>\n</ul>\n<p >\n  MongoDB<span> </span><a href="http://www.mongodb.org/display/DOCS/Database+Profiler">profiling facility</a><span> </span>提供了你应该添加索引的信息。\n</p>\n<p >\n 注意的是，添加索引会降低写入速度，对于读取频率高的collection可以创建多点的索引。\n</p>\n<p >\n 写频率较高的话，索引开销就很昂贵。\n</p>', NULL, '', 0, 108, 0),
(110, '二 : Embed vs. Reference（内嵌VS引用）', 0, 0, 0, '<p>\n MongoDB模型设计关键问题在于是单独创建collection,还是作为内嵌对象？\n</p>\n<p>\n 在关系型数据库中，每个子元素都要单独创建一张表。 在MongoDB中，这并不推荐。\n</p>\n<p>\n 内嵌对象性能要更为高效。 数据分配在了硬盘上; 客户端和服务器通信的消耗基本不存在。\n</p>\n<p>\n 因此 "为什么我不需要内嵌对象？"\n</p>\n<p>\n 为什么引用非常慢?让我们考虑这个student的例子。如果我们有个student对象并执行\n</p>\n<div>\n <div>\n<pre>print( student.address.city );\n</pre>\n </div>\n</div>\n<p>\n 这个操作用内嵌对象的话会非常快速并且如果student在RAM中，这个内嵌对象同样也在RAM中。\n</p>\n<div>\n <div>\n<pre>print( student.scores[0].for_course.name );\n</pre>\n </div>\n</div>\n<p>\n 如果是第一次访问course。shell或者驱动必须执行下列查询。\n</p>\n<div>\n <div>\n<pre><span>// 伪代码！</span> student.scores[0].for_course = db.courses.findOne({_id:_course_id_to_find_});\n</pre>\n </div>\n</div>\n<p>\n 每个引用遍历都对于数据库是一个查询。 这个collection在_id上有个索引。\n</p>\n<p>\n 这个查询还是非常快的。然而, 即使所有的数据在RAM中，从应用服务器到数据库之间的通信也会有延迟。\n</p>\n<p>\n 一般来说，期望在RAM中1ms命中缓存。如果我们循环1000个student，查询每个student应用就会很慢了。\n</p>\n<p>\n 超过1分钟。 然而, 如果我们紧紧需要查询一个单独的元素，时间就是1ms 并且页面读取是完全可以接受的。\n</p>\n<p>\n (注意如果在db缓存中, 返回1000student实际时间要小于1分钟)\n</p>\n<p>\n 下面是一些使用内嵌对象和引用的规则：\n</p>\n<ul>\n <li>\n  上层的对象。一般都是独立的collection。\n </li>\n <li>\n  对象详细的线性元素一般用于内嵌。\n </li>\n <li>\n  如果对象和对象的关系是包含关系，应该用内嵌。\n </li>\n <li>\n  多对多关系用引用。\n </li>\n <li>\n  Collection存入的对象较少比较适合做独立的collection。\n </li>\n <li>\n  这样整个collection可以快速缓存应用服务器的内存中。\n </li>\n <li>\n  内嵌对象更难关联它上层的对象。还不能使用DBRef用在内嵌对象上。\n </li>\n <li>\n  要获取内嵌对象系统级别的视图更为困难。例子, 如果score不是内嵌，\n </li>\n <li>\n  就更容易查询所有学生中中，100个高分数。\n </li>\n <li>\n  如果内嵌对象很大(许多M), 你可能会遇到单个document容量的限制。\n </li>\n <li>\n  如果性能是个问题，那么就用内嵌。\n </li>\n</ul>', NULL, '', 0, 108, 0),
(113, '关系型数据库与Key-value型数据库Mongodb模式设计对比', 0, 0, 0, '<p align="left">\n MongoDb相比于传统的SQL关系型数据库，最大的不同在于它们的模式设计（Schema Design）上的差别，正是由于这一层次的差别衍生出其它各方面的不同。\n</p>\n<p align="left">\n 我们可以简单的认为关系型数据库由数据库、表（table）、记录（record）三个层次概念组成，而在构建一个关系型数据库的时候，工作重点和难点都\n在数据库表的划分与组织上。一般而言，为了平衡提高存取效率与减少数据冗余之间的矛盾，设计的数据库表都会尽量满足所谓的第三范式。相对的，可以认为\nMongoDb由数据库、集合（collection）、文档对象（Document-oriented、BSON）三个层次组成。MongoDb里的\ncollection对应于关系型数据库里的表。当然，不要期望collection会满足所谓的第三范式，因为它们根本就不在同一个概念讨论之内。类似\n于表由多条记录组成，集合也包含多个文档对象，虽然说一般情况下，同一个集合内的文档对象具有相同的格式定义，但这并不是必须的，即MongoDb的数据\n模式是自由的（schema-free、模式自由、无模式）。\n</p>\n<p align="left">\n 以一实例来说，假设我们需要设计一个小型数据库来存储“学生、地址、科目、成绩”这些信息，那么关系型数据库的设计如图1所示，而Key-value型数据库的设计则可能如图2所示。\n</p>\n<p align="left">\n <br />\n</p>\n<p align="left">\n <img src="/A/kindeditor-4.1.10/attached/image/20150213/20150213190737_84858.gif" alt="" />\n</p>\n<p align="left">\n 图1、关系型的数据库设计\n</p>\n<p align="left">\n <br />\n</p>\n<p align="left">\n <img src="/A/kindeditor-4.1.10/attached/image/20150213/20150213190751_59844.gif" alt="" />\n</p>\n<p align="left">\n 图2、Key-value型的数据库设计（直接借用的mongodb官方图）\n</p>\n<p align="left">\n <br />\n</p>\n<p align="left">\n 对比图1和图2，在关系型的数据库设计里划分出了4个表，而在Key-value型的数据库设计里却只有两个集合。如\n果说集合与表一一对应的话，那么图2中应该也有4个集合才对，为什么可以把本应该是集合的address和scores直接合入了集合students\n中？原因就在于在Key-value型的数据库里，数据模式是自由的。\n</p>\n<p align="left">\n 以scores来说，在关系型的数据库设计中将其单独成一个表是因为student与score是一对多的关系，如果将\nscore合入student表，那么就必须预留最多可能的字段，这会存在浪费，并且当以后新增一门课程时扩展困难，因此一般都会将score表单独出\n来。而对于Key-value型的数据库就不同了，其scores字段就是一个BSON，该BSON可以只有一个for_course，也可以有两个、三\n个、任意个for_course，其固有的模式自由特性使得它可以将score包含在内而无需另建一个score集合。\n</p>\n<p align="left">\n 对于与student为一对一关系的address表也可以直接合入student，无需担心address的扩展性，当以后需要给address新增一个province字段，直接在数据插入时加上这个值即可。\n</p>\n<p align="left">\n 当然，对于与student成多对多关系course表，为了减少数据冗余，可以将course建立为一个集合，同关系型的数据库设计中类似。\n</p>\n<p align="left">\n 对比于关系型的数据库，在Key-value型的数据库里将数据合入一起有几大好处：首先，数据检索时\n没有了进行表间连接（join）的巨大开销（虽然目前MongoDb中没有join的概念）；其次，合入一起的数据在磁盘上的存放也更容易在一起，因此数\n据的读取/写入都更快速。另外，无需担心扩展性问题，Key-value型数据库的自身特性使得字段的增删改十分容易。\n</p>\n<p>\n <br />\n</p>', NULL, '', 0, 108, 0),
(114, '如何正确的使用MongoDB并优化其性能', 0, 0, 0, '数据库性能对软件整体性能的影响是不言而喻的，那么，当我们使用MongoDB时改如何提高数据库性能呢？<br />\n<br />\n1.范式化与反范式化<br />\n<br />\n在项目设计阶段，明确集合的用途是对性能调优非常重要的一步。<br />\n<br />\n从性能优化的角度来看，集合的设计我们需要考虑的是集合中数据的常用操作，例如我们需要设计一个日志（log）集合，日志的查看频率不高，但写入频率却很高，那么我们就可以得到这个集合中常用的操作是更新（增删改）。如果我们要保存的是城市列表呢？显而易见，这个集合是一个查看频率很高，但写入频率很低的集合，那么常用的操作就是查询。<br />\n<br />\n<p>\n 对于频繁更新和频繁查询的集合，我们最需要关注的重点是他们的范式化程度，在上篇范式化与反范式化的介绍中我们了解到，范式化与反范式化的合理运用对于性能的提高至关重要。然而这种设计的使用非常灵活，假设现在我们需要存储一篇图书及其作者，在MongoDB中的关联就可以体现为以下几种形式：\n</p>\n示例1：\n　　View Code\n<pre id="best-content-1944396129" class="best-text mb-10">1.完全分离（范式化设计）\n\n{\n     "_id" : ObjectId("5124b5d86041c7dca81917"),\n     "title" : "如何使用MongoDB", \n      "author" : [ \n               ObjectId("144b5d83041c7dca84416"),\n              ObjectId("144b5d83041c7dca84418"),\n              ObjectId("144b5d83041c7dca84420"),\n     ]\n }    \n</pre>\n<p>\n <br />\n</p>\n<p>\n 我们将作者(comment) 的id数组作为一个字段添加到了图书中去。这样的设计方式是在非关系型数据库中常用的，也就是我们所说的范式化设计。在MongoDB中我们将与主键没有直接关系的图书单独提取到另一个集合，用存储主键的方式进行关联查询。当我们要查询文章和评论时需要先查询到所需的文章，再从文章中获取评论id，最后用获得的完整的文章及其评论。在这种情况下查询性能显然是不理想的。但当某位作者的信息需要修改时，范式化的维护优势就凸显出来了，我们无需考虑此作者关联的图书，直接进行修改此作者的字段即可。<br />\n2.完全内嵌（反范式化设计）<br />\n<br />\n示例2：<br />\n<br />\nView Code\n</p>\n<pre id="best-content-1944396129" class="best-text mb-10">{\n       "_id" : ObjectId("5124b5d86041c7dca81917"),\n       "title" : "如何使用MongoDB",\n       "author" : [\n                {\n                    　　　　 "name" : "丁磊"\n                   　　　　  "age" : 40,\n                     　　　　"nationality" : "china",\n                },\n                {\n                   　　　　  "name" : "马云"\n                  　　　　   "age" : 49,\n                   　　　　  "nationality" : "china",\n                },\n                {\n                   　　　　  "name" : "张召忠"\n                  　　　　   "age" : 59,\n                  　　　　   "nationality" : "china",\n                },\n      ]\n  }     \n</pre>\n<p>\n 在这个示例中我们将作者的字段完全嵌入到了图书中去，在查询的时候直接查询图书即可获得所对应作者的全部信息，但因一个作者可能有多本著作，当修改某位作者的信息时时，我们需要遍历所有图书以找到该作者，将其修改。<br />\n3.部分内嵌（折中方案）<br />\n<br />\n示例3：<br />\n<br />\nView Code\n</p>\n<pre id="best-content-1944396129" class="best-text mb-10">{\n       "_id" : ObjectId("5124b5d86041c7dca81917"),\n       "title" : "如何使用MongoDB",\n       "author" : [ \n               {\n                     　　　　"_id" : ObjectId("144b5d83041c7dca84416"),\n                   　　　　  "name" : "丁磊"\n                },\n                {\n                    　　　　 "_id" : ObjectId("144b5d83041c7dca84418"),\n                  　　　　   "name" : "马云"\n                },\n                {\n                    　　　　 "_id" : ObjectId("144b5d83041c7dca84420"),\n                   　　　　  "name" : "张召忠"\n                },\n      ]\n  }\n</pre>\n这次我们将作者字段中的最常用的一部分提取出来。当我们只需要获得图书和作者名时，无需再次进入作者集合进行查询，仅在图书集合查询即可获得。<br />\n这种方式是一种相对折中的方式，既保证了查询效率，也保证的更新效率。但这样的方式显然要比前两种较难以掌握，难点在于需要与实际业务进行结合来寻找合适的提取字段。如同示例3所述，名字显然不是一个经常修改的字段，这样的字段如果提取出来是没问题的，但如果提取出来的字段是一个经常修改的字段（比如age）的话，我们依旧在更新这个字段时需要大范围的寻找并依此进行更新。<br />\n<br />\n在上面三个示例中，第一个示例的更新效率是最高的，但查询效率是最低的，而第二个示例的查询效率最高，但更新效率最低。所以在实际的工作中我们需要根据自己实际的需要来设计表中的字段，以获得最高的效率。', NULL, '', 0, 108, 0),
(115, 'MongoDB数据库设计中6条重要的经验法则', 0, 0, 0, '<p>\n <b>原文：<a href="http://blog.mongodb.org/post/87892923503/6-rules-of-thumb-for-mongodb-schema-design-part-2" target="_blank">6 Rules of Thumb for MongoDB Schema Design: Part 2</a></b> \n</p>\n<p>\n <i>By William Zola, Lead Technical Support Engineer at MongoDB</i> \n</p>\n<p>\n 在上一篇文章中我介绍了三种基本的设计方案：内嵌，子引用，父引用，同时说明了在选择方案时需要考虑的两个关键因素。\n</p>\n<p>\n 一对多中的多是否需要一个单独的实体。\n</p>\n<p>\n 这个关系中集合的规模是一对很少，很多，还是非常多。\n</p>\n<p>\n 在掌握了以上基础技术后，我将会介绍更为高级的主题：双向关联和反范式化。\n</p>\n<p>\n <br />\n</p>\n<p>\n <br />\n</p>\n<p>\n <b>双向关联</b> \n</p>\n<p>\n 如果你想让你的设计更酷，你可以让引用的“one”端和“many”端同时保存对方的引用。\n</p>\n<p>\n 以上一篇文章讨论过的任务跟踪系统为例。有person和task两个集合，one-to-n的关系是从person端到task端。在需要获取person所有的task这个场景下需要在person这个对象中保存有task的id数组，如下面代码所示。\n</p>\n<p>\n <br />\n</p>\n<p>\n <img src="/A/kindeditor-4.1.10/attached/image/20150213/20150213193600_97802.png" alt="" /> \n</p>\n<p>\n <br />\n</p>\n<p>\n 在某些场景中这个应用需要显示任务的列表（例如显示一个多人协作项目中所有的任务），为了能够快速的获取某个用户负责的项目可以在task对象中嵌入附加的person引用关系。\n</p>\n<p>\n <br />\n</p>\n<p>\n <img src="/A/kindeditor-4.1.10/attached/image/20150213/20150213193618_29404.png" alt="" /> \n</p>\n<p>\n <br />\n</p>\n<p>\n <br />\n</p>\n<p>\n 这个方案具有所有的一对多方案的优缺点，但是通过添加附加的引用关系。在task文档对象中添加额外的“owner”引用可以很快的找到某个\ntask的所有者，但是如果想将一个task分配给其他person就需要更新引用中的person和task这两个对象（熟悉关系数据库的童鞋会发现这\n样就没法保证操作的原子性。当然，这对任务跟踪系统来说并没有什么问题，但是你必须考虑你的用例是否能够容忍）\n</p>\n<p>\n <b>在一对多关系中应用反范式</b> \n</p>\n<p>\n 在你的设计中加入反范式，可以使你避免应用层级别的join读取，当然，代价是这也会让你在更新是需要操作更多数据。下面我会举个例子来进行说明\n</p>\n<p>\n <b>反范式Many -< One</b> \n</p>\n<p>\n 以产品和零件为例，你可以在parts数组中冗余存储零件的名字。以下是没有加入反范式设计的结构。\n</p>\n<p>\n <br />\n</p>\n<p>\n <br />\n</p>\n<p>\n <img src="/A/kindeditor-4.1.10/attached/image/20150213/20150213193704_78760.png" alt="" /> \n</p>\n<p>\n <br />\n</p>\n<p>\n 反范式化意味着你不需要执行一个应用层级别的join去显示一个产品所有的零件名字，当然如果你同时还需要其他零件信息那这个应用层的join是避免不了的。\n</p>\n<p>\n <br />\n</p>\n<p>\n <img src="/A/kindeditor-4.1.10/attached/image/20150213/20150213193746_20101.png" alt="" /> \n</p>\n<p>\n <br />\n</p>\n<p>\n 在使得获取零件名字简单的同时，执行一个应用层级别的join会和之前的代码有些区别，具体如下：\n</p>\n<p>\n <br />\n</p>\n<p>\n <img src="/A/kindeditor-4.1.10/attached/image/20150213/20150213193816_57070.png" alt="" /> \n</p>\n<p>\n <br />\n</p>\n<p>\n <br />\n</p>\n<p>\n 反范式化在节省你读的代价的同时会带来更新的代价：如果你将零件的名字冗余到产品的文档对象中，那么你想更改某个零件的名字你就必须同时更新所有包含这个零件的产品对象。\n</p>\n<p>\n 在一个读比写频率高的多的系统里，反范式是有使用的意义的。如果你很经常的需要高效的读取冗余的数据，但是几乎不去变更他d话，那么付出更新上的代价还是值得的。更新的频率越高，这种设计方案的带来的好处越少。\n</p>\n<p>\n 例如：假设零件的名字变化的频率很低，但是零件的库存变化很频繁，那么你可以冗余零件的名字到产品对象中，但是别冗余零件的库存。\n</p>\n<p>\n 需要注意的是，一旦你冗余了一个字段，那么对于这个字段的更新将不在是原子的。和上面双向引用的例子一样，如果你在零件对象中更新了零件的名字，那么更新产品对象中保存的名字字段前将会存在短时间的不一致。\n</p>\n<p>\n <br />\n</p>\n<p>\n <br />\n</p>\n<p>\n <b>反范式One -< Many</b> \n</p>\n<p>\n 你也可以冗余one端的数据到many端：\n</p>\n<p>\n <br />\n</p>\n<p>\n <br />\n</p>\n<p>\n <img src="/A/kindeditor-4.1.10/attached/image/20150213/20150213193906_11834.png" alt="" /> \n</p>\n<p>\n <br />\n</p>\n<p>\n <br />\n</p>\n<p>\n 如果你冗余产品的名字到零件表中，那么一旦更新产品的名字就必须更新所有和这个产品有关的零件，这比起只更新一个产品对象来说代价明显更大。这种情况下，更应该慎重的考虑读写频率。\n</p>\n<p>\n <b>在一对很多的关系中应用反范式</b> \n</p>\n<p>\n 在日志系统这个一对许多的例子中也可以应用反范式化的技术。你可以将one端（主机对象）冗余到日志对象中，或者反之。\n</p>\n<p>\n 下面的例子将主机中的IP地址冗余到日志对象中。\n</p>\n<p>\n <br />\n</p>\n<p>\n <img src="/A/kindeditor-4.1.10/attached/image/20150213/20150213193925_69515.png" alt="" /> \n</p>\n<p>\n <br />\n</p>\n<p>\n 如果想获取最近某个ip地址的日志信息就变的很简单，只需要一条语句而不是之前的两条就能完成。\n</p>\n<p>\n <br />\n</p>\n<p>\n <img src="/A/kindeditor-4.1.10/attached/image/20150213/20150213193954_10335.png" alt="" /> \n</p>\n<p>\n <br />\n</p>\n<p>\n 事实上，如果one端只有少量的信息存储，你甚至可以全部冗余存储到多端上，合并两个对象。\n</p>\n<p>\n <br />\n</p>\n<p>\n <img src="/A/kindeditor-4.1.10/attached/image/20150213/20150213194003_39465.png" alt="" /> \n</p>\n<p>\n <br />\n</p>\n<p>\n <br />\n</p>\n<p>\n 另一方面，也可以冗余数据到one端。比如说你想在主机文档中保存最近的1000条日志，可以使用mongodb 2.4中新加入的$eache/$slice功能来保证list有序而且只保存1000条。\n</p>\n<p>\n 日志对象保存在logmsg集合中，同时冗余到hosts对象中。这样即使hosts对象中超过1000条的数据也不会导致日志对象丢失。\n</p>\n<p>\n <img src="/A/kindeditor-4.1.10/attached/image/20150213/20150213194108_75624.png" alt="" />\n</p>\n<p>\n <br />\n</p>\n<p>\n 通过在查询中使用投影参数 （类似{_id:1}）的方式在不需要使用logmsgs数组的情况下避免获取整个mongodb对象，1000个日志信息带来的网络开销是很大的。\n</p>\n<p>\n 在一对多的情况下，需要慎重的考虑读和更新的频率。冗余日志信息到主机文档对象中只有在日志对象几乎不会发生更新的情况下才是个好的决定。\n</p>\n<p>\n <b>总结</b> \n</p>\n<p>\n 在这篇文章里，我介绍了对三种基础方案：内嵌文档，子引用，父引用的补充选择。\n</p>\n<p>\n 使用双向引用来优化你的数据库架构，前提是你能接受无法原子更新的代价。\n</p>\n<p>\n 可以在引用关系中冗余数据到one端或者N端。\n</p>\n<p>\n 在决定是否采用反范式化时需要考虑下面的因素：\n</p>\n<p>\n <b>你将无法对冗余的数据进行原子更新。</b> \n</p>\n<p>\n <b>只有读写比较高的情况下才应该采取反范式化的设计。</b> \n</p>\n<p>\n 下次，我将会告诉你在面对这些方案时该如何抉择。\n</p>\n<p>\n 想学习更多可以点击 “<a href="http://www.mongodb.com/presentations/webinar-back-basics-1-thinking-documents" target="_blank">Thinking in Documents</a>”。\n</p>\n<p>\n 相关文章：\n</p>\n<p>\n <a href="http://jianshu.io/p/bb0caddff60a" target="_blank">MongoDB数据库设计中6条重要的经验法则，part 1（每日一译：2014-07-23）</a> \n</p>\n<a href="http://jianshu.io/p/f383059e6102" target="_blank">MongoDB数据库设计中6条重要的经验法则，part 3（每日一译：2014-07-25）</a> \n<p>\n <br />\n</p>\n<p>\n <br />\n</p>', NULL, '', 0, 108, 0),
(116, '隐藏的', 1, 0, 1, '放到这个地方隐藏显示', NULL, '', 0, 16, 0),
(117, '数据表 doc_document', 0, 0, 0, '<pre class="brush:php">--\n-- 表的结构 `doc_document`\n--\n \nCREATE TABLE IF NOT EXISTS `doc_document` (\n  `id` int(11) NOT NULL AUTO_INCREMENT,\n  `title` varchar(64) DEFAULT NULL,\n  `titleonly` tinyint(1) DEFAULT ''0'',\n  `content` text,\n  `url` text,\n  `enable` tinyint(1) DEFAULT ''0'',\n  `preid` int(11) DEFAULT NULL COMMENT ''上级id'',\n  `sort` int(11) NOT NULL DEFAULT ''0'' COMMENT ''排序'',\n  PRIMARY KEY (`id`)\n) ENGINE=MyISAM  DEFAULT CHARSET=utf8 AUTO_INCREMENT=1;</pre>\n<br />', NULL, '', 0, 10, 0),
(119, 'Memcache,Redis,MongoDB（数据缓存系统）方案对比与分析', 0, 0, 0, '', NULL, '', 0, 116, 0),
(120, '一、问题：', 0, 0, 0, '<div>\n <span><span ><span >数据库表数据量极大（千万条），要求让服务器更加快速地响应用户的需求。</span></span></span> \n</div>\n<div>\n <span> </span> \n <div>\n  <span></span> \n </div>\n</div>', NULL, '', 0, 119, 0),
(121, '二、解决方案：', 0, 0, 0, '<ol>\n <li>\n  <span> 通过高速服务器Cache缓存数据库数据</span> \n </li>\n <li>\n  <span>内存数据库</span> \n </li>\n</ol>\n<div>\n <div>\n  <span><span> （这里仅从数据缓存方面考虑，当然，后期可以采用Hadoop+HBase+Hive等分布式存储分析平台）</span></span> \n </div>\n</div>', NULL, '', 0, 119, 0),
(122, '三、主流解Cache和数据库对比：', 0, 0, 0, '<p>\n <img src="/A/kindeditor-4.1.10/attached/image/20150214/20150214135922_44433.png" alt="" /> \n</p>\n<p>\n 上述技术基本上代表了当今在数据存储方面所有的实现方案，其中主要涉及到了普通关系型数据库（MySQL/PostgreSQL），NoSQL数据库(MongoDB)，内存数据库（Redis），内存Cache（Memcached），我们现在需要的是对大数据表仍保持高效的查询速度，普通关系型数据库是无法满足的。而MongoDB其实只是一种非关系型数据库，其优势在于可以存储海量数据，具备强大的查询功能，因此不宜用于缓存数据的场景。\n</p>\n<p>\n <br />\n</p>\n<p>\n <span>从以上各数据可知，对于我们产品最可行的技术方案有两种：</span> \n</p>\n<div>\n <span> 1.<strong>Memcached</strong> 内存Key-Value Cache</span> \n</div>\n<div>\n <span> 2.<strong>Redis </strong> 内存数据库</span> \n</div>\n<p>\n <br />\n</p>', NULL, '', 0, 119, 0),
(123, '四、下面重点分析Memcached和Redis两种方案：', 0, 0, 0, '', NULL, '', 0, 119, 0),
(124, '4.1 Memcached介绍', 0, 0, 0, '<span> Memcached 是一个高性能的分布式内存对象缓存系统，用于动态Web应用以减轻数\n据库负载。它通过在内存中缓存数据和对象来减少读取数据库的次数，从而提供动态、数据库驱动网站的速度，现在已被LiveJournal、hatena、\nFacebook、Vox、LiveJournal等公司所使用。</span>', NULL, '', 0, 119, 0),
(125, '4.2 Memcached工作方式分析', 0, 0, 0, '<p>\n <span>许多Web应用都将数据保存到 \nRDBMS中，应用服务器从中读取数据并在浏览器中显示。 但随着数据量的增大、访问的集中，就会出现RDBMS的负担加重、数据库响应恶化、 网站显示\n延迟等重大影响。Memcached是高性能的分布式内存缓存服务器,通过缓存数据库查询结果，减少数据库访问次数，以提高动态Web等应用的速度、 提\n高可扩展性。下图展示了memcache与数据库端协同工作情况：</span> \n</p>\n<p>\n <br />\n</p>\n<p>\n <img src="/A/kindeditor-4.1.10/attached/image/20150214/20150214140255_50534.png" alt="" /> \n</p>\n<p>\n <br />\n<span></span> \n</p>\n<p>\n <span><span>其中的过程是这样的：</span> </span> \n</p>\n<div>\n <span> 1.检查用户请求的数据是缓存中是否有存在，如果有存在的话，只需要直接把请求的数据返回，无需查询数据库。</span> \n</div>\n<span> 2.如果请求的数据在缓存中找不到，这时候再去查询数据库。返回请求数据的同时，把数据存储到缓存中一份。<br />\n3.保持缓存的“新鲜性”，每当数据发生变化的时候（比如，数据有被修改，或被删除的情况下），要同步的更新缓存信息，确保用户不会在缓存取到旧的数据。</span> \n<div>\n <span><br />\n</span> \n <div>\n  <span> Memcached作为高速运行的分布式缓存服务器，具有以下的特点： <br />\n</span> \n  <ul>\n     <li>\n      协议简单\n     </li>\n     <li>\n      基于libevent的事件处理\n     </li>\n     <li>\n      内置内存存储方式\n     </li>\n     <li>\n      memcached不互相通信的分布式\n     </li>\n    </ul>\n </div>\n</div>\n<br />\n<p>\n <br />\n</p>', NULL, '', 0, 119, 0),
(126, '4.3 如何实现分布式可拓展性？', 0, 0, 0, '<p>\n Memcached的分布式不是在服务器端实现的，而是在客户端应用中实现的，即通过内置算法制定目标数据的节点，如下图所示：\n</p>\n<p>\n <img src="/A/kindeditor-4.1.10/attached/image/20150214/20150214140342_66181.png" alt="" />\n</p>', NULL, '', 0, 119, 0),
(127, '4.4 Redis 介绍', 0, 0, 0, '&nbsp;Redis是一个key-value存储系统。和Memcached类似，它支持存储的value类型相对更多，包括string(字符串)、 \nlist(链表)、set(集合)和zset(有序集合)。这些数据类型都支持push/pop、add/remove及取交集并集和差集及更丰富的操\n作，而且这些操作都是原子性的。在此基础上，redis支持各种不同方式的排序。与memcached一样，为了保证效率，数据都是缓存在内存中。区别的\n是redis会周期性的把更新的数据写入磁盘或者把修改操作写入追加的记录文件，并且在此基础上实现了master-slave(主从)同步,当前 \nRedis的应用已经非常广泛，国内像新浪、淘宝，国外像&nbsp;Flickr、Github等均在使用Redis的缓存服务。', NULL, '', 0, 119, 0),
(128, '4.5 Redis 工作方式分析', 0, 0, 0, '<div>\n <strong> </strong>Redis作为一个高性能的key-value数据库具有以下特征：\n</div>\n<ul>\n <li>\n  \n    多样的数据模型\n   </li>\n   <li>\n    持久化\n   </li>\n   <li>\n    主从同步\n   </li>\n</ul>\n<div>\n Redis支持丰富的数据类型，最为常用的数据类型主要由五种：String、Hash、List、Set和Sorted Set。Redis通常将数\n据存储于内存中，或被配置为使用虚拟内存。Redis有一个很重要的特点就是它可以实现持久化数据，通过两种方式可以实现数据持久化：使用RDB快照的方\n式，将内存中的数据不断写入磁盘；或使用类似MySQL的AOF日志方式，记录每次更新的日志。前者性能较高，但是可能会引起一定程度的数据丢失；后者相\n反。 Redis支持将数据同步到多台从数据库上，这种特性对提高读取性能非常有益。\n</div>', NULL, '', 0, 119, 0),
(132, '网络图', 0, 0, 0, '', NULL, '', 0, 116, 0),
(129, '4.6 Redis如何实现分布式可拓展性？', 0, 0, 0, '<div>\n <span>2 8以前的版本：与Memcached一致，可以在客户端实现，也可以使用代理，twitter已开发出用于Redis和Memcached的代理Twemproxy<span> 。</span></span> \n <div>\n  <p>\n   <span><span>3.0\n以后的版本：相较于Memcached只能采用客户端实现分布式存储，Redis则在服务器端构建分布式存储。Redis Cluster是一个实现了分\n布式且允许单点故障的Redis高级版本，它没有中心节点，各个节点地位一致，具有线性可伸缩的功能。如图给出Redis Cluster的分布式存储架\n构，其中节点与节点之间通过二进制协议进行通信，节点与客户端之间通过ascii协议进行通信。在数据的放置策略上，Redis Cluster将整个  key的数值域分成</span><span>1 384</span></span>\n  </p>\n  <p>\n   <br />\n  </p>\n  <p>\n   <img src="/A/kindeditor-4.1.10/attached/image/20150214/20150214140533_30679.jpg" alt="" /><br />\n<span><span></span><span></span></span> \n  </p>\n </div>\n</div>', NULL, '', 0, 119, 0),
(130, '五、综合结论', 0, 0, 0, '应该说Memcached和Redis都能很好的满足解决我们的问题，它们性能都很高，总的来说，可以把Redis理解为是对Memcached的拓展，是更加重量级的实现，提供了更多更强大的功能。具体来说： <div >\n <div>\n  <br />\n </div>\n <div>\n  1.性能上：\n </div>\n <div>\n       性能上都很出色，具体到细节，由于Redis只使用单核，而Memcached可以使用多核，所以平均每一个核上Redis在存储小数据时比\n </div>\nMemcached性能更高。而在100k以上的数据中，Memcached性能要高于Redis，虽然Redis最近也在存储大数据的性能上进行优化，但是比起 Memcached，还是稍有逊色。\n</div>\n<div >\n <br />\n</div>\n<div >\n 2.内存空间和数据量大小：\n</div>\n<div >\n      MemCached可以修改最大内存，采用LRU算法。Redis增加了VM的特性，突破了物理内存的限制。\n</div>\n<div >\n <br />\n</div>\n<div >\n 3.操作便利上：\n</div>\n<div >\n      MemCached数据结构单一，仅用来缓存数据，而Redis支持更加丰富的数据类型，也可以在服务器端直接对数据进行丰富的操作,这样可以减少网络IO次数和数据体积。\n</div>\n<div >\n <br />\n</div>\n<div >\n 4.可靠性上：\n</div>\n<div >\n      MemCached不支持数据持久化，断电或重启后数据消失，但其稳定性是有保证的。Redis支持数据持久化和数据恢复，允许单点故障，但是同时也会付出性能的代价。\n</div>\n<div >\n <br />\n</div>\n<div >\n 5.应用场景：\n</div>\n<div >\n      Memcached：动态系统中减轻数据库负载，提升性能；做缓存，适合多读少写，大数据量的情况（如人人网大量查询用户信息、好友信息、文章信息等）。\n</div>\n<div >\n      Redis：适用于对读写效率要求都很高，数据处理业务复杂和对安全性要求较高的系统（如新浪微博的计数和微博发布部分系统，对数据安全性、读写要求都很高）。\n</div>', NULL, '', 0, 119, 0),
(131, '六、需要慎重考虑的部分', 0, 0, 0, '<div >\n 1.Memcached单个key-value大小有限，一个value最大只支持1MB，而Redis最大支持512MB\n</div>\n<div >\n 2.Memcached只是个内存缓存，对可靠性无要求；而Redis更倾向于内存数据库，因此对对可靠性方面要求比较高\n</div>\n<div >\n 3.从本质上讲，Memcached只是一个单一key-value内存Cache；而Redis则是一个数据结构内存数据库，支持五种数据类型，因此Redis除单纯缓存作用外，还可以处理一些简单的逻辑运算，Redis不仅可以缓存，而且还可以作为数据库用\n</div>\n4.新版本（3.0）的Redis是指集群分布式，也就是说集群本身均衡客户端请求，各个节点可以交流，可拓展行、可维护性更强大。<br />\n<br />\n来自：http://blog.csdn.net/suifeng3051/article/details/23739295', NULL, '', 0, 119, 0),
(133, '网站系统架构', 0, 0, 0, '<p>\n 资料 http://www.cnblogs.com/dajiang02/archive/2011/08/17/2141877.html\n</p>\n<p>\n <br />\n</p>\n<p>\n 资料  http://www.360doc.com/content/14/0327/16/16516695_364194843.shtml\n</p>\n<p>\n <br />\n</p>\n<p>\n 资料 http://itindex.net/detail/42719-网站架构-发展\n</p>\n<br />', NULL, '', 0, 34, 0),
(165, '1', 0, 0, 0, '1', NULL, '1', 0, 133, 0),
(134, 'MySpace架构', 0, 0, 0, '', NULL, '', 0, 133, 0),
(135, 'Flickr网站架构总结', 0, 0, 0, '', NULL, '', 0, 133, 0),
(136, 'YouTube架构总结', 0, 0, 0, '', NULL, '', 0, 133, 0),
(137, 'PlentyOfFish架构总结', 0, 0, 0, '', NULL, '', 0, 133, 0),
(138, 'WikiPedia架构总结', 0, 0, 0, '', NULL, '', 0, 133, 0),
(139, 'GeoDNS', 0, 0, 0, '', NULL, '', 0, 133, 0),
(140, 'Google架构', 0, 0, 0, '', NULL, '', 0, 133, 0),
(141, '优酷网架构', 0, 0, 0, '', NULL, '', 0, 133, 0),
(142, 'Twitter架构', 0, 0, 0, '', NULL, '', 0, 133, 0),
(143, 'Yupoo网站架构', 0, 0, 0, '', NULL, '', 0, 133, 0),
(144, 'Amazon网站架构', 0, 0, 0, '', NULL, '', 0, 133, 0),
(145, '数据架构', 0, 0, 1, '', NULL, '', 0, 13, 0),
(146, '逻辑架构', 0, 0, 0, '', NULL, '', 0, 13, 0),
(147, '开发架构', 0, 0, 0, '', NULL, '', 0, 13, 0),
(148, '运行架构', 0, 0, 0, '', NULL, '', 0, 13, 0),
(149, '物理架构', 0, 0, 0, '', NULL, '', 0, 13, 0),
(150, '演化一', 0, 0, 0, '<img src="/A/kindeditor-4.1.10/attached/image/20150214/20150214160421_46513.jpg" alt="" />', NULL, '', 0, 148, 0),
(151, '系统总体及分层架构', 0, 0, 0, '应用层 &nbsp;&nbsp; &nbsp;负责具体业务和视图展示，如网站首页及搜索输入和结果展示<br />\n服务层     为应用层提供服务支持，如用户管理服务，购物车服务等<br />\n<p>\n 数据层     提供数据存储访问服务，如数据库、缓存、文件、搜索引擎等\n</p>\n<p>\n <br />\n</p>\n<p>\n 一、交互层\n</p>\n<p>\n 二、应用层\n</p>\n<p>\n 三、数据层\n</p>\n<p>\n 四、基础支撑层\n</p>\n<p>\n <br />\n</p>\n<p>\n <br />\n</p>', NULL, '', 0, 13, 0),
(152, '演化二', 0, 0, 0, '<img src="/A/kindeditor-4.1.10/attached/image/20150214/20150214170414_67823.jpg" alt="" />', NULL, '', 0, 148, 0),
(153, '总述', 0, 0, 0, '<p>\n 努力遵循惯例优先原则(convention over configuration)\n</p>\n<p>\n 遵从已有的惯例和使用合理的缺省选项大概是最合情合理的做法\n</p>\n<p>\n <br />\n</p>\n<p>\n 采用MVCL的设计模式(model-view-controller-library),采用MVCL的优势在于:\n</p>\n<br />', NULL, '', 0, 0, 6),
(156, '业务逻辑(L)', 0, 0, 1, '<p>\n 业务逻辑库, 完成所有的业务逻辑的处理, 通过调用models对数据进行操作, 不直接操作数据.从而将业务逻辑与数据处理隔离, 当然也包括框架本身所提供的基类\n</p>\n<p>\n 功能包括\n</p>\n<ul>\n <li>\n  接收数据\n </li>\n <li>\n  处理数据\n </li>\n <li>\n  反馈数据<br />\n </li>\n</ul>', NULL, '', 0, 153, 6),
(157, '数据层(D)', 0, 0, 1, '<p>\n 数据存储层\n</p>\n<p>\n <br />\n</p>\n<ul>\n <li>\n  永久存储层\n </li>\n <li>\n  和非永久存储层\n </li>\n</ul>\n<p>\n <br />\n</p>\n<p>\n 这部分包括三方面技术\n</p>\n<p>\n Mysql Mongodb Memcache\n</p>', NULL, '', 0, 153, 4),
(155, 'API(A)', 0, 0, 1, '<ul>\n <li>\n  API代表着应用程序的输入输出. 在本例中负责用户端和逻辑处理中间的信息传递\n </li>\n</ul>\n<p>\n 这部分的功能包括\n</p>\n<ol>\n <li>\n  模拟用户输入\n </li>\n <li>\n  模拟用户输出\n </li>\n <li>\n  管理api接口\n </li>\n <li>\n  生成文档\n </li>\n <li>\n  对用户请求数据进行映射\n </li>\n</ol>', NULL, '', 0, 153, 8),
(154, '用户端(U)', 0, 0, 0, '<p>\n 包括 穿戴设备 / 手机 / 电脑 这些终端设备\n</p>\n<p>\n 负责的功能包括\n</p>\n<ul>\n <li>\n  采集信息\n </li>\n <li>\n  信息预处理\n </li>\n <li>\n  反馈信息给用户\n </li>\n <li>\n  和用户进行交互\n </li>\n</ul>', NULL, '', 0, 153, 10),
(158, '数据抽象层(M)', 0, 0, 1, '<p>\n model承载着着应用的数据和维护数据的规则,\n</p>\n<p>\n models主要用来管理对应的数据库表的互动规则,通常情况下, 数据库中的一个表对应着一个model\n</p>', NULL, '', 0, 153, 5),
(159, '服务器软件系统', 0, 0, 1, '应用模块功能已经划分开', NULL, '', 0, 34, 21),
(160, '药品检验单APP  版本v1', 0, 0, 0, '<p>\n 模块访问\n</p>\n<p>\n /v1/{*}\n</p>\n<p>\n 第一个参数为v1\n</p>', NULL, '', 0, 159, 0),
(161, '医信APP 版本v3', 0, 0, 0, '<p>\n 模块访问\n</p>\n<p>\n /v3/{*}\n</p>\n<p>\n 第一个参数为v3\n</p>', NULL, '', 0, 159, 0),
(162, '接口管理模块 Man', 0, 0, 0, '<p>\n 模块访问\n</p>\n<p>\n /Man/{*}\n</p>\n<p>\n 第一个参数为Man\n</p>', NULL, '', 0, 159, 0),
(163, '文档模块 Doc', 1, 0, 0, '<p>\n 模块访问\n</p>\n<p>\n /Doc/{*}\n</p>\n<p>\n 第一个参数为Doc\n</p>', NULL, '', 0, 159, 0),
(168, '药品检验单字段说明', 1, 0, 0, NULL, NULL, '', 0, 182, 2);
INSERT INTO `doc_document` (`id`, `title`, `titleonly`, `test`, `startscreen`, `content`, `content_hidden`, `url`, `enable`, `preid`, `sort`) VALUES
(169, '抽样单javabean字段说明', 0, 0, 0, '<p>\n SampleFormNumber;//抽样单号\n</p>\n<p>\n OnLine;//在线抽样单号还是离线抽样单号\n</p>\n<p>\n pharmaceuticalInforamation;//药品信息\n</p>\n<ul>\n <li>\n  <span>registerNumber;//注册证号</span> \n </li>\n <li>\n  <span>compactNumber;//合同号</span> \n </li>\n <li>\n  <span>checkInformNumber;//检验通知单号</span> \n </li>\n <li>\n  <span>chineseName;//中文名称</span> \n </li>\n <li>\n  <span>englishName;//英文名称</span> \n </li>\n <li>\n  <span>pharmaceuticalName;//商品名称</span> \n </li>\n <li>\n  <span>doseModel;//剂型</span> \n </li>\n <li>\n  <span>specification;//规格</span> \n </li>\n <li>\n  <span>validityPeriod;//效期</span> \n </li>\n <li>\n  <span>lotNumber;//批号</span> \n </li>\n <li>\n  <span>storeConditionl;//贮藏条件</span> \n </li>\n <li>\n  <span>productRegion;//产地</span> \n </li>\n <li>\n  <span>productDepartment;//生产单位</span> \n </li>\n</ul>\n<p>\n sampleSpot;//抽样现场\n</p>\n<ul>\n <li>\n  <span>storePlace;//存货地点</span> \n </li>\n <li>\n  <span>samplePlace;//抽样地点</span> \n </li>\n <li>\n  <span>storeTemperature;//仓储温度</span> \n </li>\n <li>\n  <span>storeHnmidity;//仓储湿度</span> \n </li>\n</ul>\n<p>\n packageCondition;//包装情况\n</p>\n<ul>\n <li>\n  <span>outPackage;//外包装</span> \n </li>\n <li>\n  <span>sealing;//封固</span> \n </li>\n <li>\n  <span>outPackageMaterial;//外包材料</span> \n </li>\n <li>\n  <span>inPackageMaterial;//内包材料</span> \n </li>\n</ul>\n<span>labelCheck;//标签核对</span> \n<ul>\n <li>\n  <span>pharmaceuticalName;//品名</span> \n </li>\n <li>\n  <span>specification;//规格</span> \n </li>\n <li>\n  <span>packageGuiGe;//包装规格</span> \n </li>\n <li>\n  <span>validityPeriod;//有效期</span> \n </li>\n <li>\n  <span>productDepartment;//生产厂商</span> \n </li>\n <li>\n  <span>registerNumber;//注册证号</span> \n </li>\n <li>\n  <span>lotNumber;//批号</span> \n </li>\n <li>\n  <span>number;//数量</span> \n </li>\n <li>\n  <span>unitsNumber;//件数</span> \n </li>\n <li>\n  <span>others;//其他</span> \n </li>\n</ul>\n<span>sampleCondition;//抽样情况</span> \n<ul>\n <li>\n  <span>checkNumber;//报验数量</span> \n </li>\n <li>\n  <span>sampleUnitsNumber;//抽样件数</span> \n </li>\n <li>\n  <span>sampleNumber;//抽样数量</span> \n </li>\n <li>\n  <span>sampleUnit;//样品单位</span> \n </li>\n <li>\n  <span>sampleIncludeMaterial;//样品内包材</span> \n </li>\n <li>\n  <span>sampleConditionList;//存储表格数据的集合</span> \n </li>\n <ul>\n  <li>\n   <span>xuhao;//序号</span> \n  </li>\n  <li>\n   <span>xianghao;//箱号</span> \n  </li>\n  <li>\n   <span>one;//第1份</span> \n  </li>\n  <li>\n   <span>two;//第2份</span> \n  </li>\n  <li>\n   <span>three;//第3份</span> \n  </li>\n </ul>\n</ul>\n<p>\n checkDepartment;//报验单位\n</p>\n<ul>\n <li>\n  <span>checkDepartment;//报验单位</span> \n </li>\n <li>\n  <span>checkDepartmentHandler;//报验单位经手人</span> \n </li>\n <li>\n  <span>checkDepartmentPhone;//报验单位电话</span> \n </li>\n</ul>\n<p>\n sampleDepartment;//抽样单位\n</p>\n<ul>\n <li>\n  <span>sampleDepartment;//抽样单位</span> \n </li>\n <li>\n  <span>sampleDepartmentPhone;//抽样单位电话</span> \n </li>\n <li>\n  <span>sampleDepartmentHandler;//抽样单位经手人</span> \n </li>\n <li>\n  <span>sampleDate;//抽样日期</span> \n </li>\n <li>\n  <span>sampleDepartmentList;//存储表格数据的集合</span> \n </li>\n <ul>\n  <li>\n   <span>xuhao;//序号</span> \n  </li>\n  <li>\n   <span>jingshouren;//经手人</span> \n  </li>\n  <li>\n   <span>mima;//密码</span> \n  </li>\n </ul>\n</ul>', NULL, '', 0, 168, 26),
(170, '表说明', 0, 0, 0, '<p>\n API管理相关\n</p>\n<ul>\n <li>\n  dy_man_userapi\n </li>\n <li>\n  dy_man_user_model\n </li>\n</ul>\n系统相关\n<ul>\n <li>\n  dy_user [用户表]<br />\n </li>\n <li>\n  dy_log [日志]<br />\n </li>\n</ul>\n<p>\n 抽验单\n</p>\n<ul>\n <li>\n  dy_inspectionunit [报验单位]<br />\n </li>\n <li>\n  dy_lablecheck [核对标签]<br />\n </li>\n <li>\n  dy_registration [主记录]<br />\n </li>\n <li>\n  dy_registration_descr [主记录的附加记录]<br />\n </li>\n <li>\n  dy_registration_more [更多的附加记录]<br />\n </li>\n <li>\n  dy_samplingunit  [抽样单位]<br />\n </li>\n <li>\n  dy_typeoddid [检验单号]<br />\n </li>\n</ul>\n<p>\n 字典\n</p>\n<ul>\n <li>\n  dy_type[类型 现在只用了药品检验单]\n </li>\n</ul>', NULL, '', 0, 190, 24),
(164, '123123', 0, 0, 0, '123123123<img src="/A/kindeditor-4.1.10/attached/image/20150303/20150303094319_86044.jpg" alt="" />', NULL, '', 0, 159, 0),
(166, 'PHP语言', 1, 0, 1, NULL, NULL, '', 0, 0, 2),
(167, 'preg_match功能的影响', 0, 0, 0, '<p>\n 情况是preg_match没有正确运行,也不报错\n</p>\n<p>\n 原因如下:\n</p>\n<p>\n 是编码字符集的问题 不是正则的问题\n服务器的pcre没启用支持unicode。\n</p>\n<p>\n 支持unicode才可以\n</p>', NULL, '', 0, 166, 0),
(171, '数据库UML', 0, 0, 0, '<img src="/A/kindeditor-4.1.10/attached/image/20150303/20150303193359_64195.png" alt="" />', NULL, '', 0, 190, 200),
(172, '4 : dy_inspectionunit', 0, 0, 0, '<table id="tablestructure">\n <tbody>\n  <tr>\n   <th>\n    #\n   </th>\n   <th align="left">\n    名字\n   </th>\n   <th>\n    类型\n   </th>\n   <th>\n    排序规则\n   </th>\n   <th>\n    属性\n   </th>\n   <th>\n    空\n   </th>\n   <th>\n    默认\n   </th>\n   <th>\n    额外\n   </th>\n  </tr>\n </tbody>\n <tbody>\n  <tr>\n   <td>\n    1\n   </td>\n   <th align="left">\n    <u>id</u> \n   </th>\n   <td>\n    int(11)\n   </td>\n   <td>\n    <br />\n   </td>\n   <td>\n    <br />\n   </td>\n   <td>\n    否\n   </td>\n   <td>\n    <em>无</em> \n   </td>\n   <td>\n    <br />\n   </td>\n  </tr>\n  <tr>\n   <td>\n    2\n   </td>\n   <th align="left">\n    d_Inspectionunit\n   </th>\n   <td>\n    varchar(64)\n   </td>\n   <td>\n    utf8_general_ci\n   </td>\n   <td>\n    <br />\n   </td>\n   <td>\n    是\n   </td>\n   <td>\n    <em>NULL</em> \n   </td>\n   <td>\n    <br />\n   </td>\n  </tr>\n  <tr>\n   <td>\n    3\n   </td>\n   <th align="left">\n    d_Inspectionunithandling\n   </th>\n   <td>\n    varchar(64)\n   </td>\n   <td>\n    utf8_general_ci\n   </td>\n   <td>\n    <br />\n   </td>\n   <td>\n    是\n   </td>\n   <td>\n    <em>NULL</em> \n   </td>\n   <td>\n    <br />\n   </td>\n  </tr>\n  <tr>\n   <td>\n    4\n   </td>\n   <th align="left">\n    d_Inspectionunittelephone\n   </th>\n   <td>\n    varchar(64)\n   </td>\n   <td>\n    utf8_general_ci\n   </td>\n   <td>\n    <br />\n   </td>\n   <td>\n    是\n   </td>\n   <td>\n    <em>NULL</em> \n   </td>\n   <td>\n    <br />\n   </td>\n  </tr>\n </tbody>\n</table>', NULL, '', 0, 190, 14),
(173, '5 : dy_lablecheck', 0, 0, 0, '<table id="tablestructure">\n <tbody>\n  <tr>\n   <th>\n    #\n   </th>\n   <th align="left">\n    名字\n   </th>\n   <th>\n    类型\n   </th>\n   <th>\n    排序规则\n   </th>\n   <th>\n    属性\n   </th>\n   <th>\n    空\n   </th>\n   <th>\n    默认\n   </th>\n   <th>\n    额外\n   </th>\n  </tr>\n </tbody>\n <tbody>\n  <tr>\n   <td>\n    1\n   </td>\n   <th align="left">\n    <u>odd_id</u> \n   </th>\n   <td>\n    varchar(32)\n   </td>\n   <td>\n    utf8_general_ci\n   </td>\n   <td>\n    <br />\n   </td>\n   <td>\n    否\n   </td>\n   <td>\n    <em>无</em> \n   </td>\n   <td>\n    <br />\n   </td>\n  </tr>\n  <tr>\n   <td>\n    2\n   </td>\n   <th align="left">\n    <span>b_Productname</span> \n   </th>\n   <td>\n    tinyint(1)\n   </td>\n   <td>\n    <br />\n   </td>\n   <td>\n    <br />\n   </td>\n   <td>\n    是\n   </td>\n   <td>\n    0\n   </td>\n   <td>\n    <br />\n   </td>\n  </tr>\n  <tr>\n   <td>\n    3\n   </td>\n   <th align="left">\n    <span>b_Specifications</span> \n   </th>\n   <td>\n    tinyint(1)\n   </td>\n   <td>\n    <br />\n   </td>\n   <td>\n    <br />\n   </td>\n   <td>\n    是\n   </td>\n   <td>\n    0\n   </td>\n   <td>\n    <br />\n   </td>\n  </tr>\n  <tr>\n   <td>\n    4\n   </td>\n   <th align="left">\n    <span>b_Packagingspecifications</span> \n   </th>\n   <td>\n    tinyint(1)\n   </td>\n   <td>\n    <br />\n   </td>\n   <td>\n    <br />\n   </td>\n   <td>\n    是\n   </td>\n   <td>\n    0\n   </td>\n   <td>\n    <br />\n   </td>\n  </tr>\n  <tr>\n   <td>\n    5\n   </td>\n   <th align="left">\n    <span>b_Theperiodofvalidity</span> \n   </th>\n   <td>\n    tinyint(1)\n   </td>\n   <td>\n    <br />\n   </td>\n   <td>\n    <br />\n   </td>\n   <td>\n    是\n   </td>\n   <td>\n    0\n   </td>\n   <td>\n    <br />\n   </td>\n  </tr>\n  <tr>\n   <td>\n    6\n   </td>\n   <th align="left">\n    <span>b_Manufacturers</span> \n   </th>\n   <td>\n    tinyint(1)\n   </td>\n   <td>\n    <br />\n   </td>\n   <td>\n    <br />\n   </td>\n   <td>\n    是\n   </td>\n   <td>\n    0\n   </td>\n   <td>\n    <br />\n   </td>\n  </tr>\n  <tr>\n   <td>\n    7\n   </td>\n   <th align="left">\n    <span>b_Theregistrationcertificatenumber</span> \n   </th>\n   <td>\n    tinyint(1)\n   </td>\n   <td>\n    <br />\n   </td>\n   <td>\n    <br />\n   </td>\n   <td>\n    是\n   </td>\n   <td>\n    0\n   </td>\n   <td>\n    <br />\n   </td>\n  </tr>\n  <tr>\n   <td>\n    8\n   </td>\n   <th align="left">\n    <span>b_Thebatchnumber</span> \n   </th>\n   <td>\n    tinyint(1)\n   </td>\n   <td>\n    <br />\n   </td>\n   <td>\n    <br />\n   </td>\n   <td>\n    是\n   </td>\n   <td>\n    0\n   </td>\n   <td>\n    <br />\n   </td>\n  </tr>\n  <tr>\n   <td>\n    9\n   </td>\n   <th align="left">\n    <span>b_Number</span> \n   </th>\n   <td>\n    tinyint(1)\n   </td>\n   <td>\n    <br />\n   </td>\n   <td>\n    <br />\n   </td>\n   <td>\n    是\n   </td>\n   <td>\n    0\n   </td>\n   <td>\n    <br />\n   </td>\n  </tr>\n  <tr>\n   <td>\n    10\n   </td>\n   <th align="left">\n    <span>b_Num</span> \n   </th>\n   <td>\n    tinyint(1)\n   </td>\n   <td>\n    <br />\n   </td>\n   <td>\n    <br />\n   </td>\n   <td>\n    是\n   </td>\n   <td>\n    0\n   </td>\n   <td>\n    <br />\n   </td>\n  </tr>\n  <tr>\n   <td>\n    11\n   </td>\n   <th align="left">\n    <span>b_Other</span> \n   </th>\n   <td>\n    varchar(64)\n   </td>\n   <td>\n    utf8_general_ci\n   </td>\n   <td>\n    <br />\n   </td>\n   <td>\n    是\n   </td>\n   <td>\n    <em>NULL</em> \n   </td>\n   <td>\n    <br />\n   </td>\n  </tr>\n </tbody>\n</table>', NULL, '', 0, 190, 12),
(174, '2 : dy_log', 0, 0, 0, '<table id="tablestructure">\n <tbody>\n  <tr>\n   <th>\n    #\n   </th>\n   <th>\n    名字\n   </th>\n   <th>\n    类型\n   </th>\n   <th>\n    排序规则\n   </th>\n   <th>\n    属性\n   </th>\n   <th>\n    空\n   </th>\n   <th>\n    默认\n   </th>\n   <th>\n    额外\n   </th>\n  </tr>\n </tbody>\n <tbody>\n  <tr>\n   <td>\n    1\n   </td>\n   <th>\n    <u>id</u> \n   </th>\n   <td>\n    int(11)\n   </td>\n   <td>\n    <br />\n   </td>\n   <td>\n    <br />\n   </td>\n   <td>\n    否\n   </td>\n   <td>\n    <em>无</em> \n   </td>\n   <td>\n    AUTO_INCREMENT\n   </td>\n  </tr>\n  <tr>\n   <td>\n    2\n   </td>\n   <th>\n    device_id\n   </th>\n   <td>\n    int(11)\n   </td>\n   <td>\n    <br />\n   </td>\n   <td>\n    <br />\n   </td>\n   <td>\n    否\n   </td>\n   <td>\n    <em>无</em> \n   </td>\n   <td>\n    <br />\n   </td>\n  </tr>\n  <tr>\n   <td>\n    3\n   </td>\n   <th>\n    open_id\n   </th>\n   <td>\n    int(11)\n   </td>\n   <td>\n    <br />\n   </td>\n   <td>\n    <br />\n   </td>\n   <td>\n    否\n   </td>\n   <td>\n    <em>无</em> \n   </td>\n   <td>\n    <br />\n   </td>\n  </tr>\n  <tr>\n   <td>\n    4\n   </td>\n   <th>\n    u_id\n   </th>\n   <td>\n    int(11)\n   </td>\n   <td>\n    <br />\n   </td>\n   <td>\n    <br />\n   </td>\n   <td>\n    否\n   </td>\n   <td>\n    <em>无</em> \n   </td>\n   <td>\n    <br />\n   </td>\n  </tr>\n  <tr>\n   <td>\n    5\n   </td>\n   <th>\n    <span>tm</span> \n   </th>\n   <td>\n    int(11)\n   </td>\n   <td>\n    <br />\n   </td>\n   <td>\n    <br />\n   </td>\n   <td>\n    否\n   </td>\n   <td>\n    <em>无</em> \n   </td>\n   <td>\n    <br />\n   </td>\n  </tr>\n  <tr>\n   <td>\n    6\n   </td>\n   <th>\n    api\n   </th>\n   <td>\n    varchar(64)\n   </td>\n   <td>\n    utf8_general_ci\n   </td>\n   <td>\n    <br />\n   </td>\n   <td>\n    否\n   </td>\n   <td>\n    <em>无</em> \n   </td>\n   <td>\n    <br />\n   </td>\n  </tr>\n </tbody>\n</table>', NULL, '', 0, 190, 18),
(175, '6 : dy_registration', 0, 0, 0, '<table id="tablestructure">\n <tbody>\n  <tr>\n   <th>\n    #\n   </th>\n   <th width="200">\n    名字\n   </th>\n   <th>\n    类型\n   </th>\n   <th>\n    排序规则\n   </th>\n   <th>\n    属性\n   </th>\n   <th>\n    空\n   </th>\n   <th>\n    默认\n   </th>\n   <th>\n    额外\n   </th>\n  </tr>\n </tbody>\n <tbody>\n  <tr>\n   <td>\n    1\n   </td>\n   <th align="left">\n    <u>id</u> \n   </th>\n   <td>\n    int(11)\n   </td>\n   <td>\n    <br />\n   </td>\n   <td>\n    <br />\n   </td>\n   <td>\n    否\n   </td>\n   <td>\n    0\n   </td>\n   <td>\n    <br />\n   </td>\n  </tr>\n  <tr>\n   <td>\n    2\n   </td>\n   <th align="left">\n    odd_id\n   </th>\n   <td>\n    varchar(32)\n   </td>\n   <td>\n    utf8_general_ci\n   </td>\n   <td>\n    <br />\n   </td>\n   <td>\n    否\n   </td>\n   <td>\n    <em>无</em> \n   </td>\n   <td>\n    <br />\n   </td>\n  </tr>\n  <tr>\n   <td>\n    3\n   </td>\n   <th align="left">\n    <span>r_Registrationnumber</span> \n   </th>\n   <td>\n    varchar(64)\n   </td>\n   <td>\n    utf8_general_ci\n   </td>\n   <td>\n    <br />\n   </td>\n   <td>\n    否\n   </td>\n   <td>\n    <em>无</em> \n   </td>\n   <td>\n    <br />\n   </td>\n  </tr>\n  <tr>\n   <td>\n    4\n   </td>\n   <th align="left">\n    <span>r_Contractnumber</span> \n   </th>\n   <td>\n    varchar(64)\n   </td>\n   <td>\n    utf8_general_ci\n   </td>\n   <td>\n    <br />\n   </td>\n   <td>\n    否\n   </td>\n   <td>\n    <em>无</em> \n   </td>\n   <td>\n    <br />\n   </td>\n  </tr>\n  <tr>\n   <td>\n    5\n   </td>\n   <th align="left">\n    <span>r_Inspectionnoticeno</span> \n   </th>\n   <td>\n    varchar(64)\n   </td>\n   <td>\n    utf8_general_ci\n   </td>\n   <td>\n    <br />\n   </td>\n   <td>\n    是\n   </td>\n   <td>\n    <em>NULL</em> \n   </td>\n   <td>\n    <br />\n   </td>\n  </tr>\n  <tr>\n   <td>\n    6\n   </td>\n   <th align="left">\n    <span>r_Chinesename</span> \n   </th>\n   <td>\n    varchar(64)\n   </td>\n   <td>\n    utf8_general_ci\n   </td>\n   <td>\n    <br />\n   </td>\n   <td>\n    是\n   </td>\n   <td>\n    <em>NULL</em> \n   </td>\n   <td>\n    <br />\n   </td>\n  </tr>\n  <tr>\n   <td>\n    7\n   </td>\n   <th align="left">\n    <span>r_Englishname</span> \n   </th>\n   <td>\n    varchar(64)\n   </td>\n   <td>\n    utf8_general_ci\n   </td>\n   <td>\n    <br />\n   </td>\n   <td>\n    是\n   </td>\n   <td>\n    <em>NULL</em> \n   </td>\n   <td>\n    <br />\n   </td>\n  </tr>\n  <tr>\n   <td>\n    8\n   </td>\n   <th align="left">\n    <span>r_Nameofcommodity</span> \n   </th>\n   <td>\n    varchar(64)\n   </td>\n   <td>\n    utf8_general_ci\n   </td>\n   <td>\n    <br />\n   </td>\n   <td>\n    是\n   </td>\n   <td>\n    <em>NULL</em> \n   </td>\n   <td>\n    <br />\n   </td>\n  </tr>\n  <tr>\n   <td>\n    9\n   </td>\n   <th align="left">\n    <span>r_Dosageforms</span> \n   </th>\n   <td>\n    varchar(64)\n   </td>\n   <td>\n    utf8_general_ci\n   </td>\n   <td>\n    <br />\n   </td>\n   <td>\n    是\n   </td>\n   <td>\n    <em>NULL</em> \n   </td>\n   <td>\n    <br />\n   </td>\n  </tr>\n  <tr>\n   <td>\n    10\n   </td>\n   <th align="left">\n    <span>r_Specifications</span> \n   </th>\n   <td>\n    varchar(64)\n   </td>\n   <td>\n    utf8_general_ci\n   </td>\n   <td>\n    <br />\n   </td>\n   <td>\n    是\n   </td>\n   <td>\n    <em>NULL</em> \n   </td>\n   <td>\n    <br />\n   </td>\n  </tr>\n  <tr>\n   <td>\n    11\n   </td>\n   <th align="left">\n    <span>r_Periodofvalidity</span> \n   </th>\n   <td>\n    varchar(64)\n   </td>\n   <td>\n    utf8_general_ci\n   </td>\n   <td>\n    <br />\n   </td>\n   <td>\n    是\n   </td>\n   <td>\n    <em>NULL</em> \n   </td>\n   <td>\n    <br />\n   </td>\n  </tr>\n  <tr>\n   <td>\n    12\n   </td>\n   <th align="left">\n    <span>r_Thebatchnumber</span> \n   </th>\n   <td>\n    varchar(64)\n   </td>\n   <td>\n    utf8_general_ci\n   </td>\n   <td>\n    <br />\n   </td>\n   <td>\n    是\n   </td>\n   <td>\n    <em>NULL</em> \n   </td>\n   <td>\n    <br />\n   </td>\n  </tr>\n  <tr>\n   <td>\n    13\n   </td>\n   <th align="left">\n    <span>r_Storageconditions</span> \n   </th>\n   <td>\n    varchar(64)\n   </td>\n   <td>\n    utf8_general_ci\n   </td>\n   <td>\n    <br />\n   </td>\n   <td>\n    是\n   </td>\n   <td>\n    <em>NULL</em> \n   </td>\n   <td>\n    <br />\n   </td>\n  </tr>\n  <tr>\n   <td>\n    14\n   </td>\n   <th align="left">\n    <span>r_Placeoforigin</span> \n   </th>\n   <td>\n    varchar(64)\n   </td>\n   <td>\n    utf8_general_ci\n   </td>\n   <td>\n    <br />\n   </td>\n   <td>\n    是\n   </td>\n   <td>\n    <em>NULL</em> \n   </td>\n   <td>\n    <br />\n   </td>\n  </tr>\n  <tr>\n   <td>\n    15\n   </td>\n   <th align="left">\n    <span>r_Theproductionunit</span> \n   </th>\n   <td>\n    varchar(64)\n   </td>\n   <td>\n    utf8_general_ci\n   </td>\n   <td>\n    <br />\n   </td>\n   <td>\n    是\n   </td>\n   <td>\n    <em>NULL</em> \n   </td>\n   <td>\n    <br />\n   </td>\n  </tr>\n  <tr>\n   <td>\n    16\n   </td>\n   <th align="left">\n    <span>e_Samplingunit</span> \n   </th>\n   <td>\n    varchar(64)\n   </td>\n   <td>\n    utf8_general_ci\n   </td>\n   <td>\n    <br />\n   </td>\n   <td>\n    是\n   </td>\n   <td>\n    <em>NULL</em> \n   </td>\n   <td>\n    <br />\n   </td>\n  </tr>\n  <tr>\n   <td>\n    17\n   </td>\n   <th align="left">\n    <span>e_Samplingunittelephone</span> \n   </th>\n   <td>\n    varchar(64)\n   </td>\n   <td>\n    utf8_general_ci\n   </td>\n   <td>\n    <br />\n   </td>\n   <td>\n    是\n   </td>\n   <td>\n    <em>NULL</em> \n   </td>\n   <td>\n    <br />\n   </td>\n  </tr>\n  <tr>\n   <td>\n    18\n   </td>\n   <th align="left">\n    <span>e_Samplingdate</span> \n   </th>\n   <td>\n    datetime\n   </td>\n   <td>\n    <br />\n   </td>\n   <td>\n    <br />\n   </td>\n   <td>\n    是\n   </td>\n   <td>\n    <em>NULL</em> \n   </td>\n   <td>\n    <br />\n   </td>\n  </tr>\n  <tr>\n   <td>\n    19\n   </td>\n   <th align="left">\n    <span>e_Samplingunithandling</span> \n   </th>\n   <td>\n    varchar(64)\n   </td>\n   <td>\n    utf8_general_ci\n   </td>\n   <td>\n    <br />\n   </td>\n   <td>\n    是\n   </td>\n   <td>\n    <em>NULL</em> \n   </td>\n   <td>\n    <br />\n   </td>\n  </tr>\n  <tr>\n   <td>\n    20\n   </td>\n   <th align="left">\n    puuid\n   </th>\n   <td>\n    varchar(32)\n   </td>\n   <td>\n    utf8_general_ci\n   </td>\n   <td>\n    <br />\n   </td>\n   <td>\n    是\n   </td>\n   <td>\n    <em>NULL</em> \n   </td>\n   <td>\n    <br />\n   </td>\n  </tr>\n  <tr>\n   <td>\n    21\n   </td>\n   <th align="left">\n    <span>putime</span> \n   </th>\n   <td>\n    int(11)\n   </td>\n   <td>\n    <br />\n   </td>\n   <td>\n    <br />\n   </td>\n   <td>\n    是\n   </td>\n   <td>\n    <em>NULL</em> \n   </td>\n   <td>\n    <br />\n   </td>\n  </tr>\n  <tr>\n   <td>\n    22\n   </td>\n   <th align="left">\n    st\n   </th>\n   <td>\n    varchar(64)\n   </td>\n   <td>\n    utf8_general_ci\n   </td>\n   <td>\n    <br />\n   </td>\n   <td>\n    是\n   </td>\n   <td>\n    1\n   </td>\n   <td>\n    <br />\n   </td>\n  </tr>\n  <tr>\n   <td>\n    23\n   </td>\n   <th align="left">\n    enable\n   </th>\n   <td>\n    tinyint(1)\n   </td>\n   <td>\n    <br />\n   </td>\n   <td>\n    <br />\n   </td>\n   <td>\n    是\n   </td>\n   <td>\n    1\n   </td>\n   <td>\n    <br />\n   </td>\n  </tr>\n </tbody>\n</table>', NULL, '', 0, 190, 10),
(176, '7 : dy_registration_descr', 0, 0, 0, '<table id="tablestructure">\n <tbody>\n  <tr>\n   <th>\n    #\n   </th>\n   <th width="150">\n    名字\n   </th>\n   <th>\n    类型\n   </th>\n   <th>\n    排序规则\n   </th>\n   <th>\n    属性\n   </th>\n   <th>\n    空\n   </th>\n   <th>\n    默认\n   </th>\n   <th>\n    额外\n   </th>\n  </tr>\n </tbody>\n <tbody>\n  <tr>\n   <td>\n    1\n   </td>\n   <th>\n    <u>rid</u> \n   </th>\n   <td>\n    int(11)\n   </td>\n   <td>\n    <br />\n   </td>\n   <td>\n    <br />\n   </td>\n   <td>\n    否\n   </td>\n   <td>\n    <em>无</em> \n   </td>\n   <td>\n    <br />\n   </td>\n  </tr>\n  <tr>\n   <td>\n    2\n   </td>\n   <th>\n    odd_id\n   </th>\n   <td>\n    varchar(32)\n   </td>\n   <td>\n    utf8_general_ci\n   </td>\n   <td>\n    <br />\n   </td>\n   <td>\n    否\n   </td>\n   <td>\n    <em>无</em> \n   </td>\n   <td>\n    <br />\n   </td>\n  </tr>\n  <tr>\n   <td>\n    3\n   </td>\n   <th>\n    <span>Serialnumber</span> \n   </th>\n   <td>\n    varchar(64)\n   </td>\n   <td>\n    utf8_general_ci\n   </td>\n   <td>\n    <br />\n   </td>\n   <td>\n    是\n   </td>\n   <td>\n    <em>NULL</em> \n   </td>\n   <td>\n    <br />\n   </td>\n  </tr>\n  <tr>\n   <td>\n    4\n   </td>\n   <th>\n    <span>No</span> \n   </th>\n   <td>\n    varchar(64)\n   </td>\n   <td>\n    utf8_general_ci\n   </td>\n   <td>\n    <br />\n   </td>\n   <td>\n    是\n   </td>\n   <td>\n    <em>NULL</em> \n   </td>\n   <td>\n    <br />\n   </td>\n  </tr>\n  <tr>\n   <td>\n    5\n   </td>\n   <th>\n    <span>One</span> \n   </th>\n   <td>\n    varchar(64)\n   </td>\n   <td>\n    utf8_general_ci\n   </td>\n   <td>\n    <br />\n   </td>\n   <td>\n    是\n   </td>\n   <td>\n    <em>NULL</em> \n   </td>\n   <td>\n    <br />\n   </td>\n  </tr>\n  <tr>\n   <td>\n    6\n   </td>\n   <th>\n    <span>Two</span> \n   </th>\n   <td>\n    varchar(64)\n   </td>\n   <td>\n    utf8_general_ci\n   </td>\n   <td>\n    <br />\n   </td>\n   <td>\n    是\n   </td>\n   <td>\n    <em>NULL</em> \n   </td>\n   <td>\n    <br />\n   </td>\n  </tr>\n  <tr>\n   <td>\n    7\n   </td>\n   <th>\n    <span>Three</span> \n   </th>\n   <td>\n    varchar(64)\n   </td>\n   <td>\n    utf8_general_ci\n   </td>\n   <td>\n    <br />\n   </td>\n   <td>\n    是\n   </td>\n   <td>\n    <em>NULL</em> \n   </td>\n   <td>\n    <br />\n   </td>\n  </tr>\n </tbody>\n</table>', NULL, '', 0, 190, 8),
(177, '8 : dy_registration_more', 0, 0, 0, '<table id="tablestructure">\n <tbody>\n  <tr>\n   <th>\n    #\n   </th>\n   <th width="200">\n    名字\n   </th>\n   <th>\n    类型\n   </th>\n   <th>\n    排序规则\n   </th>\n   <th>\n    属性\n   </th>\n   <th>\n    空\n   </th>\n   <th>\n    默认\n   </th>\n   <th>\n    额外\n   </th>\n  </tr>\n </tbody>\n <tbody>\n  <tr>\n   <td>\n    1\n   </td>\n   <th align="left">\n    <u>odd_id</u> \n   </th>\n   <td>\n    varchar(32)\n   </td>\n   <td>\n    utf8_general_ci\n   </td>\n   <td>\n    <br />\n   </td>\n   <td>\n    否\n   </td>\n   <td>\n    <em>无</em> \n   </td>\n   <td>\n    <br />\n   </td>\n  </tr>\n  <tr>\n   <td>\n    2\n   </td>\n   <th align="left">\n    <span>t_Inventorylocation</span> \n   </th>\n   <td>\n    varchar(64)\n   </td>\n   <td>\n    utf8_general_ci\n   </td>\n   <td>\n    <br />\n   </td>\n   <td>\n    是\n   </td>\n   <td>\n    <em>NULL</em> \n   </td>\n   <td>\n    <br />\n   </td>\n  </tr>\n  <tr>\n   <td>\n    3\n   </td>\n   <th align="left">\n    <span>t_Thelocationofsampling</span> \n   </th>\n   <td>\n    varchar(64)\n   </td>\n   <td>\n    utf8_general_ci\n   </td>\n   <td>\n    <br />\n   </td>\n   <td>\n    是\n   </td>\n   <td>\n    <em>NULL</em> \n   </td>\n   <td>\n    <br />\n   </td>\n  </tr>\n  <tr>\n   <td>\n    4\n   </td>\n   <th align="left">\n    <span>t_Storagetemperature</span> \n   </th>\n   <td>\n    varchar(64)\n   </td>\n   <td>\n    utf8_general_ci\n   </td>\n   <td>\n    <br />\n   </td>\n   <td>\n    是\n   </td>\n   <td>\n    <em>NULL</em> \n   </td>\n   <td>\n    <br />\n   </td>\n  </tr>\n  <tr>\n   <td>\n    5\n   </td>\n   <th align="left">\n    <span>t_Storagehumidity</span> \n   </th>\n   <td>\n    varchar(64)\n   </td>\n   <td>\n    utf8_general_ci\n   </td>\n   <td>\n    <br />\n   </td>\n   <td>\n    是\n   </td>\n   <td>\n    <em>NULL</em> \n   </td>\n   <td>\n    <br />\n   </td>\n  </tr>\n  <tr>\n   <td>\n    6\n   </td>\n   <th align="left">\n    <span>h_Theouterpacking</span> \n   </th>\n   <td>\n    varchar(64)\n   </td>\n   <td>\n    utf8_general_ci\n   </td>\n   <td>\n    <br />\n   </td>\n   <td>\n    是\n   </td>\n   <td>\n    <em>NULL</em> \n   </td>\n   <td>\n    <br />\n   </td>\n  </tr>\n  <tr>\n   <td>\n    7\n   </td>\n   <th align="left">\n    <span>h_Sealing</span> \n   </th>\n   <td>\n    varchar(64)\n   </td>\n   <td>\n    utf8_general_ci\n   </td>\n   <td>\n    <br />\n   </td>\n   <td>\n    是\n   </td>\n   <td>\n    <em>NULL</em> \n   </td>\n   <td>\n    <br />\n   </td>\n  </tr>\n  <tr>\n   <td>\n    8\n   </td>\n   <th align="left">\n    <span>h_Outsourcingmaterial</span> \n   </th>\n   <td>\n    varchar(64)\n   </td>\n   <td>\n    utf8_general_ci\n   </td>\n   <td>\n    <br />\n   </td>\n   <td>\n    是\n   </td>\n   <td>\n    <em>NULL</em> \n   </td>\n   <td>\n    <br />\n   </td>\n  </tr>\n  <tr>\n   <td>\n    9\n   </td>\n   <th align="left">\n    <span>h_Theinnercladdingmaterial</span> \n   </th>\n   <td>\n    varchar(64)\n   </td>\n   <td>\n    utf8_general_ci\n   </td>\n   <td>\n    <br />\n   </td>\n   <td>\n    是\n   </td>\n   <td>\n    <em>NULL</em> \n   </td>\n   <td>\n    <br />\n   </td>\n  </tr>\n  <tr>\n   <td>\n    10\n   </td>\n   <th align="left">\n    <span>c_Quantitydeclared</span> \n   </th>\n   <td>\n    varchar(64)\n   </td>\n   <td>\n    utf8_general_ci\n   </td>\n   <td>\n    <br />\n   </td>\n   <td>\n    是\n   </td>\n   <td>\n    <em>NULL</em> \n   </td>\n   <td>\n    <br />\n   </td>\n  </tr>\n  <tr>\n   <td>\n    11\n   </td>\n   <th align="left">\n    <span>c_Samplingnumber</span> \n   </th>\n   <td>\n    varchar(64)\n   </td>\n   <td>\n    utf8_general_ci\n   </td>\n   <td>\n    <br />\n   </td>\n   <td>\n    是\n   </td>\n   <td>\n    <em>NULL</em> \n   </td>\n   <td>\n    <br />\n   </td>\n  </tr>\n  <tr>\n   <td>\n    12\n   </td>\n   <th align="left">\n    <span>c_Thesamplingnumber</span> \n   </th>\n   <td>\n    varchar(64)\n   </td>\n   <td>\n    utf8_general_ci\n   </td>\n   <td>\n    <br />\n   </td>\n   <td>\n    是\n   </td>\n   <td>\n    <em>NULL</em> \n   </td>\n   <td>\n    <br />\n   </td>\n  </tr>\n  <tr>\n   <td>\n    13\n   </td>\n   <th align="left">\n    <span>c_Sampleunit</span> \n   </th>\n   <td>\n    varchar(64)\n   </td>\n   <td>\n    utf8_general_ci\n   </td>\n   <td>\n    <br />\n   </td>\n   <td>\n    是\n   </td>\n   <td>\n    <em>NULL</em> \n   </td>\n   <td>\n    <br />\n   </td>\n  </tr>\n  <tr>\n   <td>\n    14\n   </td>\n   <th align="left">\n    <span>c_samplepackagematerial</span> \n   </th>\n   <td>\n    varchar(64)\n   </td>\n   <td>\n    utf8_general_ci\n   </td>\n   <td>\n    <br />\n   </td>\n   <td>\n    是\n   </td>\n   <td>\n    <em>NULL</em> \n   </td>\n   <td>\n    <br />\n   </td>\n  </tr>\n  <tr>\n   <td>\n    15\n   </td>\n   <th align="left">\n    <span>d_Inspectionunit</span> \n   </th>\n   <td>\n    varchar(64)\n   </td>\n   <td>\n    utf8_general_ci\n   </td>\n   <td>\n    <br />\n   </td>\n   <td>\n    是\n   </td>\n   <td>\n    <em>NULL</em> \n   </td>\n   <td>\n    <br />\n   </td>\n  </tr>\n  <tr>\n   <td>\n    16\n   </td>\n   <th align="left">\n    <span>d_Inspectionunithandling</span> \n   </th>\n   <td>\n    varchar(64)\n   </td>\n   <td>\n    utf8_general_ci\n   </td>\n   <td>\n    <br />\n   </td>\n   <td>\n    是\n   </td>\n   <td>\n    <em>NULL</em> \n   </td>\n   <td>\n    <br />\n   </td>\n  </tr>\n  <tr>\n   <td>\n    17\n   </td>\n   <th align="left">\n    <span>d_Inspectionunittelephone</span> \n   </th>\n   <td>\n    varchar(64)\n   </td>\n   <td>\n    utf8_general_ci\n   </td>\n   <td>\n    <br />\n   </td>\n   <td>\n    是\n   </td>\n   <td>\n    <em>NULL</em> \n   </td>\n   <td>\n    <br />\n   </td>\n  </tr>\n </tbody>\n</table>', NULL, '', 0, 190, 6),
(178, '3 : dy_samplingunit', 0, 0, 0, '<table id="tablestructure">\n <tbody>\n  <tr>\n   <th>\n    #\n   </th>\n   <th>\n    名字\n   </th>\n   <th>\n    类型\n   </th>\n   <th>\n    排序规则\n   </th>\n   <th>\n    属性\n   </th>\n   <th>\n    空\n   </th>\n   <th>\n    默认\n   </th>\n   <th>\n    额外\n   </th>\n  </tr>\n </tbody>\n <tbody>\n  <tr>\n   <td>\n    1\n   </td>\n   <th>\n    <u>id</u> \n   </th>\n   <td>\n    int(11)\n   </td>\n   <td>\n    <br />\n   </td>\n   <td>\n    <br />\n   </td>\n   <td>\n    否\n   </td>\n   <td>\n    <em>无</em> \n   </td>\n   <td>\n    <br />\n   </td>\n  </tr>\n  <tr>\n   <td>\n    2\n   </td>\n   <th>\n    e_Samplingunit\n   </th>\n   <td>\n    varchar(64)\n   </td>\n   <td>\n    utf8_general_ci\n   </td>\n   <td>\n    <br />\n   </td>\n   <td>\n    是\n   </td>\n   <td>\n    <em>NULL</em> \n   </td>\n   <td>\n    <br />\n   </td>\n  </tr>\n  <tr>\n   <td>\n    3\n   </td>\n   <th>\n    e_Samplingunittelephone\n   </th>\n   <td>\n    varchar(64)\n   </td>\n   <td>\n    utf8_general_ci\n   </td>\n   <td>\n    <br />\n   </td>\n   <td>\n    是\n   </td>\n   <td>\n    <em>NULL</em> \n   </td>\n   <td>\n    <br />\n   </td>\n  </tr>\n  <tr>\n   <td>\n    4\n   </td>\n   <th>\n    e_Samplingunithandling\n   </th>\n   <td>\n    varchar(64)\n   </td>\n   <td>\n    utf8_general_ci\n   </td>\n   <td>\n    <br />\n   </td>\n   <td>\n    是\n   </td>\n   <td>\n    <em>NULL</em> \n   </td>\n   <td>\n    <br />\n   </td>\n  </tr>\n </tbody>\n</table>', NULL, '', 0, 190, 16),
(179, '10 : dy_type', 0, 0, 0, '<table id="tablestructure">\n <tbody>\n  <tr>\n   <th>\n    #\n   </th>\n   <th width="200">\n    名字\n   </th>\n   <th>\n    类型\n   </th>\n   <th>\n    排序规则\n   </th>\n   <th>\n    属性\n   </th>\n   <th>\n    空\n   </th>\n   <th>\n    默认\n   </th>\n   <th>\n    额外\n   </th>\n  </tr>\n </tbody>\n <tbody>\n  <tr>\n   <td>\n    1\n   </td>\n   <th>\n    <u>type_id</u> \n   </th>\n   <td>\n    int(11)\n   </td>\n   <td>\n    <br />\n   </td>\n   <td>\n    <br />\n   </td>\n   <td>\n    否\n   </td>\n   <td>\n    <em>无</em> \n   </td>\n   <td>\n    <br />\n   </td>\n  </tr>\n  <tr>\n   <td>\n    2\n   </td>\n   <th>\n    table_name\n   </th>\n   <td>\n    varchar(32)\n   </td>\n   <td>\n    utf8_general_ci\n   </td>\n   <td>\n    <br />\n   </td>\n   <td>\n    是\n   </td>\n   <td>\n    <em>NULL</em> \n   </td>\n   <td>\n    <br />\n   </td>\n  </tr>\n  <tr>\n   <td>\n    3\n   </td>\n   <th>\n    <span>enable</span> \n   </th>\n   <td>\n    tinyint(1)\n   </td>\n   <td>\n    <br />\n   </td>\n   <td>\n    <br />\n   </td>\n   <td>\n    是\n   </td>\n   <td>\n    1\n   </td>\n   <td>\n    <br />\n   </td>\n  </tr>\n </tbody>\n</table>', NULL, '', 0, 190, 2),
(180, '9 : dy_typeoddid', 0, 0, 0, '<table id="tablestructure">\n <tbody>\n  <tr>\n   <th>\n    #\n   </th>\n   <th width="200">\n    名字\n   </th>\n   <th>\n    类型\n   </th>\n   <th>\n    排序规则\n   </th>\n   <th>\n    属性\n   </th>\n   <th>\n    空\n   </th>\n   <th>\n    默认\n   </th>\n   <th>\n    额外\n   </th>\n  </tr>\n </tbody>\n <tbody>\n  <tr>\n   <td>\n    1\n   </td>\n   <th align="left">\n    <u>odd_id</u> \n   </th>\n   <td>\n    varchar(32)\n   </td>\n   <td>\n    utf8_general_ci\n   </td>\n   <td>\n    <br />\n   </td>\n   <td>\n    否\n   </td>\n   <td>\n    <em>无</em> \n   </td>\n   <td>\n    <br />\n   </td>\n  </tr>\n  <tr>\n   <td>\n    2\n   </td>\n   <th align="left">\n    <span>t_Inventorylocation</span> \n   </th>\n   <td>\n    varchar(64)\n   </td>\n   <td>\n    utf8_general_ci\n   </td>\n   <td>\n    <br />\n   </td>\n   <td>\n    是\n   </td>\n   <td>\n    <em>NULL</em> \n   </td>\n   <td>\n    <br />\n   </td>\n  </tr>\n  <tr>\n   <td>\n    3\n   </td>\n   <th align="left">\n    <span>t_Thelocationofsampling</span> \n   </th>\n   <td>\n    varchar(64)\n   </td>\n   <td>\n    utf8_general_ci\n   </td>\n   <td>\n    <br />\n   </td>\n   <td>\n    是\n   </td>\n   <td>\n    <em>NULL</em> \n   </td>\n   <td>\n    <br />\n   </td>\n  </tr>\n  <tr>\n   <td>\n    4\n   </td>\n   <th align="left">\n    <span>t_Storagetemperature</span> \n   </th>\n   <td>\n    varchar(64)\n   </td>\n   <td>\n    utf8_general_ci\n   </td>\n   <td>\n    <br />\n   </td>\n   <td>\n    是\n   </td>\n   <td>\n    <em>NULL</em> \n   </td>\n   <td>\n    <br />\n   </td>\n  </tr>\n  <tr>\n   <td>\n    5\n   </td>\n   <th align="left">\n    <span>t_Storagehumidity</span> \n   </th>\n   <td>\n    varchar(64)\n   </td>\n   <td>\n    utf8_general_ci\n   </td>\n   <td>\n    <br />\n   </td>\n   <td>\n    是\n   </td>\n   <td>\n    <em>NULL</em> \n   </td>\n   <td>\n    <br />\n   </td>\n  </tr>\n  <tr>\n   <td>\n    6\n   </td>\n   <th align="left">\n    <span>h_Theouterpacking</span> \n   </th>\n   <td>\n    varchar(64)\n   </td>\n   <td>\n    utf8_general_ci\n   </td>\n   <td>\n    <br />\n   </td>\n   <td>\n    是\n   </td>\n   <td>\n    <em>NULL</em> \n   </td>\n   <td>\n    <br />\n   </td>\n  </tr>\n  <tr>\n   <td>\n    7\n   </td>\n   <th align="left">\n    <span>h_Sealing</span> \n   </th>\n   <td>\n    varchar(64)\n   </td>\n   <td>\n    utf8_general_ci\n   </td>\n   <td>\n    <br />\n   </td>\n   <td>\n    是\n   </td>\n   <td>\n    <em>NULL</em> \n   </td>\n   <td>\n    <br />\n   </td>\n  </tr>\n  <tr>\n   <td>\n    8\n   </td>\n   <th align="left">\n    <span>h_Outsourcingmaterial</span> \n   </th>\n   <td>\n    varchar(64)\n   </td>\n   <td>\n    utf8_general_ci\n   </td>\n   <td>\n    <br />\n   </td>\n   <td>\n    是\n   </td>\n   <td>\n    <em>NULL</em> \n   </td>\n   <td>\n    <br />\n   </td>\n  </tr>\n  <tr>\n   <td>\n    9\n   </td>\n   <th align="left">\n    <span>h_Theinnercladdingmaterial</span> \n   </th>\n   <td>\n    varchar(64)\n   </td>\n   <td>\n    utf8_general_ci\n   </td>\n   <td>\n    <br />\n   </td>\n   <td>\n    是\n   </td>\n   <td>\n    <em>NULL</em> \n   </td>\n   <td>\n    <br />\n   </td>\n  </tr>\n  <tr>\n   <td>\n    10\n   </td>\n   <th align="left">\n    <span>c_Quantitydeclared</span> \n   </th>\n   <td>\n    varchar(64)\n   </td>\n   <td>\n    utf8_general_ci\n   </td>\n   <td>\n    <br />\n   </td>\n   <td>\n    是\n   </td>\n   <td>\n    <em>NULL</em> \n   </td>\n   <td>\n    <br />\n   </td>\n  </tr>\n  <tr>\n   <td>\n    11\n   </td>\n   <th align="left">\n    <span>c_Samplingnumber</span> \n   </th>\n   <td>\n    varchar(64)\n   </td>\n   <td>\n    utf8_general_ci\n   </td>\n   <td>\n    <br />\n   </td>\n   <td>\n    是\n   </td>\n   <td>\n    <em>NULL</em> \n   </td>\n   <td>\n    <br />\n   </td>\n  </tr>\n  <tr>\n   <td>\n    12\n   </td>\n   <th align="left">\n    <span>c_Thesamplingnumber</span> \n   </th>\n   <td>\n    varchar(64)\n   </td>\n   <td>\n    utf8_general_ci\n   </td>\n   <td>\n    <br />\n   </td>\n   <td>\n    是\n   </td>\n   <td>\n    <em>NULL</em> \n   </td>\n   <td>\n    <br />\n   </td>\n  </tr>\n  <tr>\n   <td>\n    13\n   </td>\n   <th align="left">\n    <span>c_Sampleunit</span> \n   </th>\n   <td>\n    varchar(64)\n   </td>\n   <td>\n    utf8_general_ci\n   </td>\n   <td>\n    <br />\n   </td>\n   <td>\n    是\n   </td>\n   <td>\n    <em>NULL</em> \n   </td>\n   <td>\n    <br />\n   </td>\n  </tr>\n  <tr>\n   <td>\n    14\n   </td>\n   <th align="left">\n    <span>c_samplepackagematerial</span> \n   </th>\n   <td>\n    varchar(64)\n   </td>\n   <td>\n    utf8_general_ci\n   </td>\n   <td>\n    <br />\n   </td>\n   <td>\n    是\n   </td>\n   <td>\n    <em>NULL</em> \n   </td>\n   <td>\n    <br />\n   </td>\n  </tr>\n  <tr>\n   <td>\n    15\n   </td>\n   <th align="left">\n    <span>d_Inspectionunit</span> \n   </th>\n   <td>\n    varchar(64)\n   </td>\n   <td>\n    utf8_general_ci\n   </td>\n   <td>\n    <br />\n   </td>\n   <td>\n    是\n   </td>\n   <td>\n    <em>NULL</em> \n   </td>\n   <td>\n    <br />\n   </td>\n  </tr>\n  <tr>\n   <td>\n    16\n   </td>\n   <th align="left">\n    <span>d_Inspectionunithandling</span> \n   </th>\n   <td>\n    varchar(64)\n   </td>\n   <td>\n    utf8_general_ci\n   </td>\n   <td>\n    <br />\n   </td>\n   <td>\n    是\n   </td>\n   <td>\n    <em>NULL</em> \n   </td>\n   <td>\n    <br />\n   </td>\n  </tr>\n  <tr>\n   <td>\n    17\n   </td>\n   <th align="left">\n    <span>d_Inspectionunittelephone</span> \n   </th>\n   <td>\n    varchar(64)\n   </td>\n   <td>\n    utf8_general_ci\n   </td>\n   <td>\n    <br />\n   </td>\n   <td>\n    是\n   </td>\n   <td>\n    <em>NULL</em> \n   </td>\n   <td>\n    <br />\n   </td>\n  </tr>\n </tbody>\n</table>', NULL, '', 0, 190, 4),
(181, '1 : dy_user', 0, 0, 0, '<table id="tablestructure">\n <tbody>\n  <tr>\n   <th>\n    #\n   </th>\n   <th>\n    名字\n   </th>\n   <th>\n    类型\n   </th>\n   <th>\n    排序规则\n   </th>\n   <th>\n    属性\n   </th>\n   <th>\n    空\n   </th>\n   <th>\n    默认\n   </th>\n   <th>\n    额外\n   </th>\n  </tr>\n </tbody>\n <tbody>\n  <tr>\n   <td>\n    1\n   </td>\n   <th>\n    <u>user_id</u> \n   </th>\n   <td>\n    int(8)\n   </td>\n   <td>\n    <br />\n   </td>\n   <td>\n    <br />\n   </td>\n   <td>\n    否\n   </td>\n   <td>\n    <em>无</em> \n   </td>\n   <td>\n    AUTO_INCREMENT\n   </td>\n  </tr>\n  <tr>\n   <td>\n    2\n   </td>\n   <th>\n    <span>user_login</span> \n   </th>\n   <td>\n    varchar(20)\n   </td>\n   <td>\n    utf8_general_ci\n   </td>\n   <td>\n    <br />\n   </td>\n   <td>\n    否\n   </td>\n   <td>\n    <em>无</em> \n   </td>\n   <td>\n    <br />\n   </td>\n  </tr>\n  <tr>\n   <td>\n    3\n   </td>\n   <th>\n    <span>user_password</span> \n   </th>\n   <td>\n    varchar(32)\n   </td>\n   <td>\n    utf8_general_ci\n   </td>\n   <td>\n    <br />\n   </td>\n   <td>\n    否\n   </td>\n   <td>\n    <em>无</em> \n   </td>\n   <td>\n    <br />\n   </td>\n  </tr>\n  <tr>\n   <td>\n    4\n   </td>\n   <th>\n    <span>user_name</span> \n   </th>\n   <td>\n    varchar(20)\n   </td>\n   <td>\n    utf8_general_ci\n   </td>\n   <td>\n    <br />\n   </td>\n   <td>\n    是\n   </td>\n   <td>\n    <em>NULL</em> \n   </td>\n   <td>\n    <br />\n   </td>\n  </tr>\n  <tr>\n   <td>\n    5\n   </td>\n   <th>\n    <span>user_tel</span> \n   </th>\n   <td>\n    varchar(32)\n   </td>\n   <td>\n    utf8_general_ci\n   </td>\n   <td>\n    <br />\n   </td>\n   <td>\n    是\n   </td>\n   <td>\n    <em>NULL</em> \n   </td>\n   <td>\n    <br />\n   </td>\n  </tr>\n  <tr>\n   <td>\n    6\n   </td>\n   <th>\n    enable\n   </th>\n   <td>\n    tinyint(1)\n   </td>\n   <td>\n    <br />\n   </td>\n   <td>\n    <br />\n   </td>\n   <td>\n    否\n   </td>\n   <td>\n    1\n   </td>\n   <td>\n    <br />\n   </td>\n  </tr>\n  <tr>\n   <td>\n    7\n   </td>\n   <th>\n    device_id\n   </th>\n   <td>\n    int(11)\n   </td>\n   <td>\n    <br />\n   </td>\n   <td>\n    <br />\n   </td>\n   <td>\n    是\n   </td>\n   <td>\n    <em>NULL</em> \n   </td>\n   <td>\n    <br />\n   </td>\n  </tr>\n  <tr>\n   <td>\n    8\n   </td>\n   <th>\n    open_id\n   </th>\n   <td>\n    int(11)\n   </td>\n   <td>\n    <br />\n   </td>\n   <td>\n    <br />\n   </td>\n   <td>\n    是\n   </td>\n   <td>\n    <em>NULL</em> \n   </td>\n   <td>\n    <br />\n   </td>\n  </tr>\n  <tr>\n   <td>\n    9\n   </td>\n   <th>\n    f_logintime\n   </th>\n   <td>\n    int(11)\n   </td>\n   <td>\n    <br />\n   </td>\n   <td>\n    <br />\n   </td>\n   <td>\n    是\n   </td>\n   <td>\n    <em>NULL</em> \n   </td>\n   <td>\n    <br />\n   </td>\n  </tr>\n  <tr>\n   <td>\n    10\n   </td>\n   <th>\n    f_loginip\n   </th>\n   <td>\n    varchar(32)\n   </td>\n   <td>\n    utf8_general_ci\n   </td>\n   <td>\n    <br />\n   </td>\n   <td>\n    是\n   </td>\n   <td>\n    <em>NULL</em> \n   </td>\n   <td>\n    <br />\n   </td>\n  </tr>\n  <tr>\n   <td>\n    11\n   </td>\n   <th>\n    f_regtime\n   </th>\n   <td>\n    int(11)\n   </td>\n   <td>\n    <br />\n   </td>\n   <td>\n    <br />\n   </td>\n   <td>\n    否\n   </td>\n   <td>\n    <em>无</em> \n   </td>\n   <td>\n    <br />\n   </td>\n  </tr>\n </tbody>\n</table>', NULL, '', 0, 190, 20),
(186, '应用端', 0, 0, 0, '<p>\n 改写构造函数\n</p>\n<p>\n <br />\n</p>\n<pre class="brush:php"> function __construct()\n {\n    parent::__construct();\n    $this->S= new Set();  //加载通用set类\n    $this->S->singleton(''Db'', function ($c) { //db回调\n        return new Db();\n    });\n }</pre>\n<p>\n <br />\n</p>', NULL, '', 0, 184, 0),
(187, '接口应用端', 0, 0, 0, '<p>\n 基础方法\n</p>\n<p>\n construct\n</p>\n<pre class="brush:php">    public function __construct($params)    //$params 是路由参数\n    {\n        $this->CI =& get_instance();\n        $this->params = $params;\n        $this->tmp[''timestamp_''] = $this->CI->T();\n        //$sign //参数是签名\n    }</pre>\n<p>\n 接口输出方法\n</p>\n<p>\n <br />\n</p>\n<pre class="brush:php">    private function data($data)\n    {\n        $this->data[''data''] = $data;\n    }\n    private function data2($data)\n    {\n        $this->data[''data2''] = $data;\n    }\n\n    private function msg($msg = '''')\n    {\n        $this->data[''msg''] = $msg;\n    }\n    private function code($code = '''')\n    {\n        $code = intval($code);\n        $this->data[''code''] = $code;\n    }\n    public function D($code = 0, $data)\n    {\n        $code = intval($code);\n        if (!empty($code)) $this->data[''code''] = $code;\n        $this->data[''data''] = $data;\n        $this->data[''timestamp_''] = $this->tmp[''timestamp_''];\n        $this->data[''timestamp''] = $this->CI->T();\n        $this->data[''debugpath''] = ''Enter'';\n        echo json_encode($this->data);\n        exit;\n    }\n    public function J($code=0,$msg='''')\n    {\n        $code = intval($code);\n        if(!empty($code))  $this->data[''code''] = $code;\n        if(!empty($msg))   $this->data[''msg'']  = $msg;\n        $this->data[''timestamp_''] = $this->tmp[''timestamp_''];\n        $this->data[''timestamp'']  = $this->CI->T();\n        $this->data[''debugpath'']  = ''Enter'';\n        echo json_encode($this->data);\n        exit;\n    }\n</pre>\n<p>\n <br />\n</p>\n<p>\n 魔术方法\n</p>\n<pre class="brush:php">    //引用重定向到ci->s下\n    public function __get($key)\n    {\n        return $this->CI->S->$key;\n    }\n    public function __set($key, $value)\n    {\n        return $this->CI->S->$key = $value;\n    }\n    public function __isset($key)\n    {\n        return isset($this->CI->S->$key);\n    }\n    public function __unset($key)\n    {\n        unset($this->CI->S->$key);\n    }</pre>\n<p>\n <br />\n</p>', NULL, '', 0, 184, 0),
(182, '药品检验单APP', 0, 0, 1, '', NULL, '', 0, 0, 12),
(183, '接口说明', 0, 0, 0, '', NULL, '', 0, 182, 0),
(184, 'CI框架改写', 0, 0, 0, '', '', '', 0, 153, 14),
(185, '入口页面', 0, 0, 0, '<p>\n 入口页面 - 自动载入类文件\n</p>\n<p>\n 自动载入libraries目录下面的类文件\n</p>\n<p>\n <span>找到</span> \n</p>\n<pre class="brush:php">require_once BASEPATH.''core/CodeIgniter.php'';</pre>\n前面添加\n<p>\n <br />\n</p>\n<pre class="brush:php">/**  addby sham 3.5 **/\nfunction __Sham__loader($class)\n{\n    $file = FCPATH.APPPATH.''libraries/''.$class.''.php'';\n    if (is_file&#40;$file&#41;) {\n        require_once($file);\n    }\n}\nspl_autoload_register(''__Sham__loader'');\n/**  /addby sham 3.5 **/</pre>\n这样在遇到类的实例化会在library目录中寻找', NULL, '', 0, 184, 0),
(188, '抽样单存储结构', 0, 0, 0, '<pre class="brush:php">Array\n(\n    [OnLine] => true\n    [SampleFormNumber] => 50\n    [checkDepartment] => Array\n    (\n        [checkDepartment] => 天津报验\n            [checkDepartmentHandler] => 小天报\n            [checkDepartmentPhone] => 120\n        )\n\n    [labelCheck] => Array\n    (\n        [lotNumber] => true\n        [number] => true\n        [others] => 9444966\n        [packageGuiGe] => true\n        [pharmaceuticalName] => true\n        [productDepartment] => true\n        [registerNumber] => true\n        [specification] => true\n        [unitsNumber] => true\n        [validityPeriod] => true\n        )\n\n    [packageCondition] => Array\n    (\n        [inPackageMaterial] => 8281646\n        [outPackage] => 4548866\n        [outPackageMaterial] => 6454966\n        [sealing] => 5184646\n        )\n\n    [pharmaceuticalInforamation] => Array\n    (\n        [checkInformNumber] => 8775646\n        [chineseName] => 8476676\n        [compactNumber] => 4977696\n        [doseModel] => 6478776\n        [englishName] => 5455577\n        [lotNumber] => 2545577\n        [pharmaceuticalName] => 9764666\n        [productDepartment] => 1275666\n        [productRegion] => 2547976\n        [registerNumber] => 5465441\n        [specification] => 5776666\n        [storeConditionl] => 2453815\n        [validityPeriod] => 5775764\n        )\n\n    [sampleCondition] => Array\n    (\n        [checkNumber] => 5484676\n        [simpleIncludeMaterial] => 5446646\n        [simpleNumber] => 38\n        [simpleUnit] => 6468666\n        [simpleUnitsNumber] => 3\n        [simpleConditionList] => Array\n        (\n            [0] => Array\n            (\n                [one] => 1\n                [three] => 1\n                [two] => 1\n                [xianghao] => 1\n                [xuhao] => 1\n            )\n\n            [1] => Array\n            (\n                [one] => 22\n                [three] => 2\n                [two] => 2\n                [xianghao] => 2\n                [xuhao] => 2\n            )\n\n            [2] => Array\n            (\n                [one] => 3\n                [three] => 3\n                [two] => 3\n                [xianghao] => 33\n                [xuhao] => 3\n            )\n        )\n    )\n    [sampleSpot] => Array\n    (\n        [simplePlace] => 4646466\n        [storeHnmidity] => 4558764\n        [storePlace] => 5148669\n        [storeTemperature] => 4558566\n    )\n    [simpleDepartment] => Array\n    (\n        [simpleDate] => 2015-03-05\n        [simpleDepartment] => 天津抽样\n        [simpleDepartmentHandler] => 小天抽\n        [simpleDepartmentPhone] => 102\n        [simpleDepartmentList] => Array\n        (\n            [0] => Array\n            (\n                [jingshouren] => 小天抽\n                [mima] => 122\n                [xuhao] => 1\n            )\n        )\n    )\n)</pre>', NULL, '', 0, 168, 0),
(189, '无效隐藏', 0, 0, 0, '', NULL, '', 0, 16, 0),
(190, 'y', 0, 0, 0, '', NULL, '', 0, 189, 200),
(191, '111', 0, 0, 0, '1212', NULL, '', 0, 190, 0),
(192, 'z', 1, 0, 0, NULL, NULL, '', 0, 0, 10),
(193, '工具类', 0, 0, 0, '11', NULL, '', 0, 192, 0),
(194, 'MD5', 0, 0, 0, '<pre class="brush:php">/**\n  * md5算法\n  * \n  * @param val\n  * @return\n  */\n public static String getMD5(String val) {\n  try {\n   MessageDigest md5 = MessageDigest.getInstance("MD5");\n   md5.update(val.getBytes());\n   byte[] m = md5.digest();// 加密\n   MyLog.i(getFormattedText(m)+"getFormattedText(m)");\n   return getFormattedText(m);\n  } catch (NoSuchAlgorithmException e) {\n   e.printStackTrace();\n  }\n  return val;\n\n }\n  private static final char[] HEX_DIGITS = { ''0'', ''1'', ''2'', ''3'', ''4'', ''5'',\n               ''6'', ''7'', ''8'', ''9'', ''a'', ''b'', ''c'', ''d'', ''e'', ''f'' };\n\n  private static String getFormattedText(byte[] bytes) {\n           int len = bytes.length;\n           StringBuilder buf = new StringBuilder(len * 2);\n           // 把密文转换成十六进制的字符串形式\n           for (int j = 0; j < len; j++) { buf.append(HEX_DIGITS[(bytes[j] >> 4) & 0x0f]);\n               buf.append(HEX_DIGITS[bytes[j] & 0x0f]);\n           }\n           return buf.toString();\n       }</pre>', NULL, 'http://www.micmiu.com/lang/java/java-md5-sha1/', 0, 193, 0);
INSERT INTO `doc_document` (`id`, `title`, `titleonly`, `test`, `startscreen`, `content`, `content_hidden`, `url`, `enable`, `preid`, `sort`) VALUES
(195, 'Mongodb适用', 0, 0, 0, '<span><b>适用范围</b></span><br />\n<br />\n<blockquote>\n 1.适合实时的插入，更新与查询，并具备应用程序实时数据存储所需的复制及高度伸缩性。<br />\n<br />\n2.适合作为信息基础设施的持久化缓存层。<br />\n<br />\n3.适合由数十或数百台服务器组成的数据库。因为Mongo已经包含对MapReduce引擎的内置支持。<br />\n<br />\n4.Mongo的BSON数据格式非常适合文档化格式的存储及查询。网站数据：Mongo非常适合实时的插入，更新与查询，并具备网站实时数据存储所需的复制及高度伸缩性。<br />\n<br />\n5.缓存：由于性能很高，Mongo也适合作为信息基础设施的缓存层。在系统重启之后，由Mongo搭建的持久化缓存层可以避免下层的数据源过载。<br />\n<br />\n6.大尺寸，低价值的数据：使用传统的关系型数据库存储一些数据时可能会比较昂贵，在此之前，很多时候程序员往往会选择传统的文件进行存储。<br />\n<br />\n7.高伸缩性的场景：Mongo非常适合由数十或数百台服务器组成的数据库。Mongo的路线图中已经包含对MapReduce引擎的内置支持。<br />\n<br />\n8.用于对象及JSON数据的存储：Mongo的BSON数据格式非常适合文档化格式的存储及查询<br />\n</blockquote>\n<span><b><br />\n不适用范围</b></span><br />\n<br />\n<blockquote>\n 一.高度事务性的系统。<br />\n<br />\n二.传统的商业智能应用。<br />\n<br />\n三.级为复杂的SQL查询。<br />\n<br />\n1.高度事务性的系统：例如银行或会计系统。传统的关系型数据库目前还是更适用于需要大量原子性复杂事务的应用程序。<br />\n<br />\n2.传统的商业智能应用：针对特定问题的BI数据库会对产生高度优化的查询方式。对于此类应用，数据仓库可能是更合适的选择。<br />\n<br />\n3.需要SQL的问题\n</blockquote>', NULL, '', 0, 184, 0),
(196, '接口安全机制', 0, 0, 0, '<p>\n userid\n</p>\n<p>\n deviceid\n</p>\n<p>\n openid\n</p>\n<p>\n sign\n</p>\n<p>\n salt\n</p>\n<p>\n timestamp\n</p>', NULL, '', 0, 184, 0),
(197, '分层体系', 0, 0, 1, '<p>\n 测试内容:\n</p>\n<ul>\n <li>\n  记忆\n </li>\n <li>\n  扩展记忆\n </li>\n <li>\n  运用\n </li>\n <li>\n  扩展运用\n </li>\n</ul>\n<p>\n 内容方向\n</p>\n<ul>\n <li>\n  php语言相关\n </li>\n <li>\n  数据库相关\n </li>\n <li>\n  js相关\n </li>\n</ul>\n<p>\n 框架相关\n</p>\n<p>\n 工具相关\n</p>', '', '', 0, 0, 0),
(198, '环境相关', 0, 0, 0, '<p>\n 记录配置等等信息\n</p>\n<p>\n 安装和使用的内容分开,这里主要记录安装的内容\n</p>', '', '', 0, 197, 36),
(199, 'CI框架', 1, 0, 0, '', '', '', 0, 197, 20),
(200, 'PHP语言', 0, 0, 0, '基础信息,不涉及到高深的运用', '', '', 0, 197, 34),
(201, '前端-JS', 1, 0, 0, '', '', '', 0, 197, 28),
(202, '基础函数', 0, 0, 0, '<pre class="brush:php">serialize();   //序列化\nunserialize(); //反序列化\narray_merge($keys,$task); //数组合并\narray_unique($result);    //排重\narray_diff($task,$tasko); //想减\nimplode('','',$arr);\nexplode('','',$string);\nshuffle($rc);  //打乱数组\narray_flip()   //键值反转\n$arr = !empty($urllist)?array_unique($urllist):array();//排重 </pre>', NULL, '', 0, 200, 14),
(203, '数组函数', 0, 0, 0, '<pre class="brush:php">//熟悉和了解\narray_diff()   //返回两个数组的差集数组。\narray_unique() //删除数组中重复的值。\narray_count_values() //用于统计数组中所有值出现的次数。\narray_intersect() //计算数组的交集。\narray_rand()   //从数组中随机选出一个或多个元素，并返回。\nin_array()     //检查数组中是否存在指定的值。\narray_search() //在数组中搜索给定的值，如果成功则返回相应的键名。\narsort() //对数组进行逆向排序并保持索引关系。\nasort()  //对数组进行排序并保持索引关系。\nkrsort() //对数组按照键名逆向排序。\nksort()  //对数组按照键名排序。\nrsort()  //对数组逆向排序。\nsort()   //对数组排序。\n\narray()            //创建数组。\narray_change_key_case() //返回其键均为大写或小写的数组。\narray_chunk()      //把一个数组分割为新的数组块。\narray_combine()    //通过合并两个数组来创建一个新数组。\narray_diff_assoc() //比较键名和键值，并返回两个数组的差集数组。\narray_diff_key()   //比较键名，并返回两个数组的差集数组。\narray_diff_uassoc()//通过用户提供的回调函数做索引检查来计算数组的差集。\narray_diff_ukey()  //用回调函数对键名比较计算数组的差集。\narray_fill()       //用给定的值填充数组。\narray_filter()     //用回调函数过滤数组中的元素。\narray_flip()       //交换数组中的键和值。\narray_intersect_assoc() //比较键名和键值，并返回两个数组的交集数组。\narray_intersect_key()   //使用键名比较计算数组的交集。\narray_intersect_uassoc()//带索引检查计算数组的交集，用回调函数比较索引。\narray_intersect_ukey()  //用回调函数比较键名来计算数组的交集。\narray_key_exists()      //检查给定的键名或索引是否存在于数组中。\narray_keys()  //返回数组中所有的键名。\narray_map()   //将回调函数作用到给定数组的单元上。\narray_merge() //把一个或多个数组合并为一个数组。\narray_merge_recursive() //递归地合并一个或多个数组。\narray_multisort() //对多个数组或多维数组进行排序。\narray_pad()      //用值将数组填补到指定长度。\narray_pop()      //将数组最后一个单元弹出（出栈）。\narray_product()  //计算数组中所有值的乘积。\narray_push()     //将一个或多个单元（元素）压入数组的末尾（入栈）。\narray_reduce()   //用回调函数迭代地将数组简化为单一的值。\narray_reverse()  //将原数组中的元素顺序翻转，创建新的数组并返回。\narray_shift()    //删除数组中的第一个元素，并返回被删除元素的值。\narray_slice()    //在数组中根据条件取出一段值，并返回。\narray_splice()   //把数组中的一部分去掉并用其它值取代。\narray_sum()      //计算数组中所有值的和。\narray_udiff()    //用回调函数比较数据来计算数组的差集。\narray_udiff_assoc() //带索引检查计算数组的差集，用回调函数比较数据。\narray_udiff_uassoc()//带索引检查计算数组的差集，用回调函数比较数据和索引。\narray_uintersect()  //计算数组的交集，用回调函数比较数据。\narray_uintersect_assoc() //带索引检查计算数组的交集，用回调函数比较数据。\narray_uintersect_uassoc()//带索引检查计算数组的交集，用回调函数比较数据和索引。\narray_unshift() //在数组开头插入一个或多个元素。\narray_values()  //返回数组中所有的值。\narray_walk()    //对数组中的每个成员应用用户函数。\narray_walk_recursive() //对数组中的每个成员递归地应用用户函数。\n\n//其他\ncompact() //建立一个数组，包括变量名和它们的值。\ncount()   //计算数组中的元素数目或对象中的属性个数。\ncurrent() //返回数组中的当前元素。\neach()    //返回数组中当前的键／值对并将数组指针向前移动一步。\nend()     //将数组的内部指针指向最后一个元素。\nextract() //从数组中将变量导入到当前的符号表。\nkey()     //从关联数组中取得键名。\nlist()    //把数组中的值赋给一些变量。\nnatcasesort() //用“自然排序”算法对数组进行不区分大小写字母的排序。\nnatsort() //用“自然排序”算法对数组排序。\nnext()    //将数组中的内部指针向前移动一位。\npos()     //current()的别名。\nprev()    //将数组的内部指针倒回一位。\nrange()   //建立一个包含指定范围的元素的数组。\nreset()   //将数组的内部指针指向第一个元素。\nshuffle() //把数组中的元素按随机顺序重新排列。\nsizeof()  //count() 的别名。\nuasort()  //使用用户自定义的比较函数对数组中的值进行排序并保持索引关联。\nuksort()  // 使用用户自定义的比较函数对数组中的键名进行排序。\nusort()   //使用用户自定义的比较函数对数组中的值进行排序\n</pre>\n<br />', NULL, '', 0, 200, 10),
(204, 'mysql相关函数', 0, 0, 0, '3', NULL, '', 0, 230, 6),
(205, '基础函数', 0, 0, 0, '', NULL, '', 0, 201, 6),
(206, '单词', 1, 0, 0, '', '', '', 0, 197, 10),
(207, '常用函数', 0, 0, 0, '函数', NULL, '', 0, 206, 0),
(208, '名词', 0, 0, 0, '名词', NULL, '', 0, 206, 0),
(209, '约定术语', 0, 0, 0, '术语', NULL, '', 0, 206, 0),
(210, '函数', 0, 0, 0, '', NULL, '', 0, 199, 0),
(211, '其他内容', 0, 0, 0, '', NULL, '', 0, 199, 0),
(212, '系统', 0, 0, 0, '', '', '', 0, 198, 0),
(213, '服务软件', 0, 0, 0, '', NULL, '', 0, 198, 0),
(214, '扩展', 0, 0, 0, '', '123', '', 0, 198, 0),
(215, '组件', 0, 0, 0, '', NULL, '', 0, 201, 4),
(216, '时间日期函数', 0, 0, 0, 'date / mktime / strtotime / time / microtime / getdate / checkdate / set_time_limit\n<hr />\ndate(格式,[时间]);<br />\n<blockquote>\n print(date("Y年m月d日");//输出当前,年月日.<br />\nprint(date("Y年m月d日",60*60*24*365*10); //1979年12月30日.<br />\nprint(date("Y-m-d h:i:s",60*60*24*365*10));//输出 1979-12-30 12:00:00\n</blockquote>\nmktime(小时数,分数,秒数,月,日,年);<br />\nmktime(integer hour,integer minutes,integer seconds,integer month, integer day,integer year)\n<blockquote>\n echo(date("M-d-Y",mktime(0,0,0,12,36,2001)));<br />\necho(date("M-d-Y",mktime(0,0,0,14,1,2001)));<br />\necho(date("M-d-Y",mktime(0,0,0,1,1,2001)));<br />\necho(date("M-d-Y",mktime(0,0,0,1,1,99))); <br />\n$currenthour=date("H");<br />\nprint("50个小时后为:");<br />\nprint(date("h:i A l F dS,Y",mktime($currenthour+50)));<br />\nprint("<br />\nend");<br />\n</blockquote>\nstrtotime($nowdate);\n<blockquote>\n <p>\n  $nowdate="2019-08-05" ;<br />\necho strtotime($nowdate);\n </p>\n</blockquote>\n<p>\n time();\n</p>\n<blockquote>\n print(time()); //输出1409651656\n</blockquote>\nmicrotime();<br />\n<blockquote>\n print("start:".microtime());<br />\nfor($index=0;$index<1000;$index++)<br />\nprint("good!");<br />\nprint("<br />\nstop:".microtime());<br />\nprint(microtime()); //输出0.84375200 1409651974<br />\nlist($usec, $sec) = explode(" ",microtime()); <br />\n$num = ((float)$usec + (float)$sec);<br />\necho $num;\n</blockquote>\nset_time_limit(秒数); <br />\n<br />\n<blockquote>\n set_time_limit (0) <br />\nset_time_limit (1) <br />\nset_time_limit (20)\n</blockquote>\ngetdate(integer timestamp)<br />\n<blockquote>\n <p>\n  <span id="function.getdate"><span id="refsect1-function.getdate-unknown">$current_date=getdate();<br />\nprint($current_date("hours"));<br />\nprint($current_date("minutes");<br />\nprint($current_date("seconds");<br />\n$today = getdate();<br />\nprint_r($today);</span></span> \n </p>\n <p>\n  输出\n </p>\n<pre><span id="function.getdate2">Array  ( \n     [seconds] => 40\n     [minutes] => 58\n     [hours]   => 21\n     [mday]    => 17 \n     [wday]    => 2 \n     [mon]     => 6 \n     [year]    => 2003\n     [yday]    => 167\n     [weekday] => Tuesday\n     [month]   => June\n     [0]       => 1055901520\n  )</span></pre>\n <p>\n  <br />\n </p>\n</blockquote>\ncheckdate(integer month,integer day,integer year)<br />\n<blockquote>\n if(checkdate(2,29,1980)) \nprint("日期合法!n");\n</blockquote>\n<hr />\n<p>\n 如果没有时间参数,则使用当前时间. 格式是一个字符串,其中以下字符有特殊意义:<br />\nU 替换成从一个起始时间(好象是1970年1月1日)以来的秒数<br />\nY 替换成4位的年号.<br />\ny 替换成2位的年号.<br />\nF 替换成月份的英文全称.<br />\nM 替换成月份的英文简称.<br />\nm 替换成月份数.<br />\nz 替换成从当年1月1日以来的天数.<br />\nd 替换成日数.<br />\nl 替换成星期几的英文全称.<br />\nD 替换成星期几的英文简称.<br />\nw 替换成星期几(数字).<br />\nH 替换成小时数(24小时制).<br />\nh 替换成小时数(12小时制).<br />\ni 替换成分钟数.<br />\ns 替换成秒数.<br />\nA 替换成"AM"或"PM".<br />\na 替换成"am"或"pm".<br />\nS 替换成序数字后缀,例如:"st","nd","rd","th".<br />\n函数返回作过了替换的格式串.\n</p>', NULL, '', 0, 200, 8),
(217, '第三方组件', 1, 0, 1, NULL, '', '', 0, 197, 8),
(218, 'php函数', 0, 0, 0, '<p>\n 范围 : php 数组函数记忆 和测试\n</p>\n<p>\n 针对教程 :\n</p>', '', '', 0, 217, 0),
(219, '函数测试题目一', 0, 0, 0, '<p>\n 教程地址 :  http://m.so/W/doc\n</p>\n<p>\n 知识点  : http://m.so/W/docview/202\n</p>', '', '', 0, 218, 0),
(220, 't11', 0, 1, 0, '1', '12', '', 0, 219, 0),
(221, 'T2', 0, 0, 0, '', NULL, '', 0, 219, 0),
(222, 't3', 0, 0, 0, '', NULL, '', 0, 219, 0),
(223, '函数测试题目二', 0, 0, 0, '', NULL, '', 0, 218, 0),
(224, '他1', 0, 0, 0, '它', '', '', 0, 223, 0),
(225, '环境相关', 0, 0, 0, '', NULL, '', 0, 217, 0),
(226, 'CI框架', 0, 0, 0, '', NULL, '', 0, 217, 0),
(227, 'JS', 0, 0, 0, '', NULL, '', 0, 217, 0),
(228, '单词', 0, 0, 0, '', '', '', 0, 217, 0),
(229, '基础函数习题', 0, 1, 0, '', '<br />', '', 0, 200, 12),
(230, 'Mysql', 0, 0, 0, '', '', '', 0, 197, 22),
(231, '工具', 0, 0, 0, '', NULL, '', 0, 197, 12),
(232, 'PHP', 0, 0, 0, '', NULL, '', 0, 198, 0),
(233, 'Apache', 0, 0, 0, '', '', '', 0, 198, 0),
(239, '基本概念', 0, 0, 0, '123123123', NULL, '', 0, 200, 1111),
(234, 'Mysql', 0, 0, 0, '', NULL, '', 0, 198, 0),
(235, 'Memcache', 0, 0, 0, '', NULL, '', 0, 198, 0),
(236, 'Mongodb', 0, 0, 0, '', NULL, '', 0, 198, 0),
(237, 'linux', 0, 0, 0, '', NULL, '', 0, 198, 0),
(238, 'APC', 0, 0, 0, '', NULL, '', 0, 198, 0),
(240, '基础语法', 0, 0, 0, '', NULL, '', 0, 200, 111),
(241, 'UML图', 0, 0, 0, '', NULL, '', 0, 231, 0),
(242, '流程图', 0, 0, 0, '', NULL, '', 0, 231, 0),
(243, '时序图', 0, 0, 0, '', NULL, '', 0, 231, 0),
(244, '思维导图', 0, 0, 0, '', NULL, '', 0, 231, 0),
(245, 'PPT', 0, 0, 0, '', NULL, '', 0, 231, 0),
(246, 'Git hub', 0, 0, 0, '', NULL, '', 0, 231, 0),
(247, 'Svn', 0, 0, 0, '', NULL, '', 0, 231, 0),
(248, 'Dreamweaver', 0, 0, 0, '', NULL, '', 0, 231, 0),
(249, '基本语法', 0, 0, 0, '', NULL, '', 0, 201, 10),
(250, 'YII框架', 0, 0, 0, '', NULL, '', 0, 197, 18),
(251, 'ThinkPHP框架', 0, 0, 0, '', NULL, '', 0, 197, 16),
(252, 'Slim框架', 0, 0, 0, '', NULL, '', 0, 197, 14),
(253, '算法', 0, 0, 0, '', NULL, '', 0, 197, 26),
(254, '解决方案', 0, 0, 0, '', NULL, '', 0, 197, 24),
(255, '设计模式', 0, 0, 0, '', NULL, '', 0, 197, 6),
(256, '未成形的知识体系', 0, 0, 0, '', NULL, '', 0, 197, 4),
(257, '前端-Bootstrap', 0, 0, 0, '', NULL, '', 0, 197, 32),
(258, '前端-Jquery', 0, 0, 0, '', NULL, '', 0, 197, 30),
(259, '分层体系概述', 0, 0, 0, '所有的知识体系都在其中<br />', NULL, '', 0, 197, 200),
(260, '后端', 0, 0, 0, '<p>\n 支撑点 : 数据库[Mysql / Mongodb]\n</p>\n<p>\n 支撑点 : NG apache 等发布工具\n</p>\n<p>\n 等等服务器软件支撑\n</p>', NULL, '', 0, 259, 8),
(261, '前端', 0, 0, 0, '<p>\n 支撑点 : 页面\n</p>\n<ul>\n <li>\n  页面输出<br />\n </li>\n <li>\n  data输出\n </li>\n <li>\n  json输出\n </li>\n <li>\n  xml输出\n </li>\n</ul>', NULL, '', 0, 259, 14),
(262, '中间逻辑', 0, 0, 0, '<p>\n 支撑点 : cms\n</p>\n<p>\n mvc架构\n</p>', NULL, '', 0, 259, 12),
(263, '再后端', 0, 0, 0, '支撑点 : 服务器架构', NULL, '', 0, 259, 6),
(264, '大前端', 0, 0, 0, '<p>\n 支撑点 : 前端框架\n</p>\n<p>\n Bootstrap / Jquery / 各种插件组件\n</p>', NULL, '', 0, 259, 16),
(265, '中间缓存', 0, 0, 0, '<p>\n 支撑点 : 缓存体系\n</p>\n<p>\n 支撑点 : [APC / Memcache / 文件缓存 / 页面缓存 等等]\n</p>', NULL, '', 0, 259, 10),
(266, '前端特效', 0, 0, 0, '在框架基础之上开发系列特殊效果,超越框架', NULL, '', 0, 259, 18),
(267, '大后端', 0, 0, 0, '<p>\n 理论体系\n</p>\n<p>\n 对上面诸层进行理论支撑\n</p>\n<p>\n 包括各类理论图表 规划 等等\n</p>', NULL, '', 0, 259, 4),
(268, '中间日志', 0, 0, 0, '支撑点 : 专门的日志系统和日志服务器可以很方便的进行读取和读写<br />', NULL, '', 0, 259, 11),
(269, '概念一', 0, 1, 0, '概念一', '123', '123', 0, 239, 0),
(270, '概念二', 0, 1, 0, '概念二1', 'ceshi yibncang<br />', '', 0, 239, 0);

-- --------------------------------------------------------

--
-- 表的结构 `doc_metro`
--

CREATE TABLE IF NOT EXISTS `doc_metro` (
  `id` int(11) NOT NULL AUTO_INCREMENT,
  `groupid` int(11) DEFAULT '0',
  `docid` int(11) DEFAULT NULL,
  `title` varchar(128) DEFAULT NULL,
  `wg` varchar(128) DEFAULT NULL COMMENT '[swh]',
  `color` varchar(128) DEFAULT NULL,
  `icon` varchar(128) DEFAULT NULL,
  `img` varchar(128) DEFAULT NULL,
  `brand` text,
  `content` text,
  `url` varchar(128) DEFAULT NULL,
  `cpcode` text,
  `sort` int(11) DEFAULT '0',
  `enable` tinyint(1) DEFAULT '1',
  PRIMARY KEY (`id`)
) ENGINE=MyISAM  DEFAULT CHARSET=utf8 AUTO_INCREMENT=39 ;

--
-- 转存表中的数据 `doc_metro`
--

INSERT INTO `doc_metro` (`id`, `groupid`, `docid`, `title`, `wg`, `color`, `icon`, `img`, `brand`, `content`, `url`, `cpcode`, `sort`, `enable`) VALUES
(33, 2, 159, '服务器软件系统', 'double quadro-vertical', 'bg-crimson', 'icon-tree-view', '', '<div class="tile-status"><span class="name">{title}</span></div>', '<div class="tile-content icon"><i class="{icon}"></i></div>', '/M/tnode/159', '<a href="/M/tnode/159" class="tile double quadro-vertical bg-crimson" data-click="transform">\r\n            <div class="tile-content icon"><i class="icon-tree-view"></i></div>\r\n            <div class="tile-status"><span class="name">服务器软件系统</span></div>\r\n        </a>', 90, 1),
(24, 19, 0, 'API管理文档', 'double', 'bg-brown', 'icon-tab', '', '<div class="tile-status"><span class="name">{title}</span></div>', '<div class="tile-content icon"><i class="{icon}"></i></div>', '/M/tnode/22', '<a href="/M/tnode/22" class="tile double bg-brown" data-click="transform">\r\n            <div class="tile-content icon"><i class="icon-tab"></i></div>\r\n            <div class="tile-status"><span class="name">API管理文档</span></div>\r\n        </a>', 0, 1),
(22, 19, 0, '未归档', 'double-vertical', 'bg-crimson', 'icon-copy', '', '<div class="tile-status"><span class="name">未归档</span></div>', '<div class="tile-content icon"><i class="{icon}"></i></div>', '/M/tnode/16', '<a href="/M/tnode/16" class="tile double-vertical bg-crimson" data-click="transform">\r\n            <div class="tile-content icon"><i class="icon-copy"></i></div>\r\n            <div class="tile-status"><span class="name">未归档</span></div>\r\n        </a>', 2, 1),
(23, 19, 0, '起始页', 'double double-vertical', 'bg-cobalt', 'icon-home', '', '<div class="tile-status"><span class="name">起始页</span></div>', '<div class="tile-content icon"><i class="{icon}"></i></div>', '/M/tnode/0', '<a href="/M/tnode/0" class="tile double double-vertical bg-cobalt" data-click="transform">\r\n            <div class="tile-content icon"><i class="icon-home"></i></div>\r\n            <div class="tile-status"><span class="name">起始页</span></div>\r\n        </a>', 10, 1),
(9, 19, 0, '数据架构', 'double-triple', 'bg-darkGreen', 'icon-wrench', '', '<div class="tile-status">\n<span class="name">设置</span>\n</div>', '<div class="tile-content icon">\n<i class="{icon}"></i>\n</div>', '/M/setup', '<a href="/M/setup" class="tile double-triple bg-darkGreen" data-click="transform">\r\n            <div class="tile-content icon">\n<i class="icon-wrench"></i>\n</div>\r\n            <div class="tile-status">\n<span class="name">设置</span>\n</div>\r\n        </a>', 8, 1),
(8, 19, 0, '概述', '', 'bg-indigo', 'icon-layers', '/A/upload/CR-LKr74xZHMm.jpg', '<div class="brand">\n<div class="badge activity"></div>\n<span class="name">树</span>\n</div>', '<div class="tile-content icon">\n<i class="{icon}"></i>\n</div>', '/M/tree', '<a href="/M/tree" class="tile  bg-indigo" data-click="transform">\r\n            <div class="tile-content icon">\n<i class="icon-layers"></i>\n</div>\r\n            <div class="brand">\n<div class="badge activity"></div>\n<span class="name">树</span>\n</div>\r\n        </a>', 8, 1),
(26, 19, 0, 'API管理系统', 'double ', 'bg-darkOrange', 'icon-code', '', '<div class="tile-status"><span class="name">{title}</span></div>', '<div class="tile-content icon"><i class="{icon}"></i></div>', '/M/', '<a href="/M/" class="tile double  bg-darkOrange" data-click="transform">\r\n            <div class="tile-content icon"><i class="icon-code"></i></div>\r\n            <div class="tile-status"><span class="name">API管理系统</span></div>\r\n        </a>', 0, 1),
(35, 1, 166, 'PHP语言', 'double quadro-vertical', 'bg-darkCrimson', 'icon-tree-view', '/A/upload/CR-vJJuzGgclM.gif', '<div class="tile-status"><span class="name">{title}</span></div>', '<div class="tile-content icon"><i class="{icon}"></i></div>', '/M/tnode/166', '<a href="/M/tnode/166" class="tile double quadro-vertical bg-darkCrimson" data-click="transform">\r\n            <div class="tile-content icon"><i class="icon-tree-view"></i></div>\r\n            <div class="tile-status"><span class="name">PHP语言</span></div>\r\n        </a>', 0, 1),
(36, 1, 182, '药品检验单APP', 'double quadro-vertical', 'bg-darkViolet', 'icon-tree-view', '', '<div class="tile-status"><span class="name">{title}</span></div>', '<div class="tile-content icon"><i class="{icon}"></i></div>', '/M/tnode/182', '<a href="/M/tnode/182" class="tile double quadro-vertical bg-darkViolet" data-click="transform">\r\n            <div class="tile-content icon"><i class="icon-tree-view"></i></div>\r\n            <div class="tile-status"><span class="name">药品检验单APP</span></div>\r\n        </a>', 0, 1),
(37, 2, 197, '分层体系', 'double quadro-vertical', 'bg-cobalt', 'icon-tree-view', '', '<div class="tile-status"><span class="name">{title}</span></div>', '<div class="tile-content icon"><i class="{icon}"></i></div>', '/M/tnode/197', '<a href="/M/tnode/197" class="tile double quadro-vertical bg-cobalt" data-click="transform">\r\n            <div class="tile-content icon"><i class="icon-tree-view"></i></div>\r\n            <div class="tile-status"><span class="name">分层体系</span></div>\r\n        </a>', 7, 1),
(38, 2, 217, '第三方组件', 'double quadro-vertical', 'bg-darkViolet', 'icon-tree-view', '', '<div class="tile-status"><span class="name">{title}</span></div>', '<div class="tile-content icon"><i class="{icon}"></i></div>', '/M/tnode/217', '<a href="/M/tnode/217" class="tile double quadro-vertical bg-darkViolet" data-click="transform">\r\n            <div class="tile-content icon"><i class="icon-tree-view"></i></div>\r\n            <div class="tile-status"><span class="name">第三方组件</span></div>\r\n        </a>', 20, 1),
(34, 1, 133, '网站系统架构', 'double double-vertical', 'bg-darkOrange', 'icon-tree-view', '', '<div class="tile-status"><span class="name">{title}</span></div>', '<div class="tile-content icon"><i class="{icon}"></i></div>', '/M/tnode/133', '<a href="/M/tnode/133" class="tile double double-vertical bg-darkOrange" data-click="transform">\r\n            <div class="tile-content icon"><i class="icon-tree-view"></i></div>\r\n            <div class="tile-status"><span class="name">网站系统架构</span></div>\r\n        </a>', 0, 0);

-- --------------------------------------------------------

--
-- 表的结构 `doc_metro_group`
--

CREATE TABLE IF NOT EXISTS `doc_metro_group` (
  `groupid` int(11) NOT NULL AUTO_INCREMENT,
  `group_title` varchar(16) DEFAULT NULL,
  `group_num` varchar(16) DEFAULT NULL,
  `group_dis` varchar(256) DEFAULT NULL,
  `sort` int(11) NOT NULL DEFAULT '0',
  `enable` int(1) DEFAULT '1',
  PRIMARY KEY (`groupid`)
) ENGINE=MyISAM  DEFAULT CHARSET=utf8 AUTO_INCREMENT=21 ;

--
-- 转存表中的数据 `doc_metro_group`
--

INSERT INTO `doc_metro_group` (`groupid`, `group_title`, `group_num`, `group_dis`, `sort`, `enable`) VALUES
(1, '基础', 'four', '基础信息', 0, 1),
(2, 'HELP', 'six', '帮助', 0, 1),
(3, 't3', 'one', '123', 0, 0),
(4, '5', 'three', '4', 0, 0),
(5, NULL, NULL, NULL, 0, 0),
(6, NULL, NULL, NULL, 0, 0),
(7, NULL, NULL, NULL, 0, 0),
(8, NULL, NULL, NULL, 0, 0),
(9, NULL, NULL, NULL, 0, 0),
(10, NULL, NULL, NULL, 0, 0),
(11, NULL, NULL, NULL, 0, 0),
(12, NULL, NULL, NULL, 0, 0),
(13, NULL, NULL, NULL, 0, 0),
(14, NULL, NULL, NULL, 0, 0),
(15, NULL, NULL, NULL, 0, 0),
(16, NULL, NULL, NULL, 0, 0),
(17, NULL, NULL, NULL, 0, 0),
(18, NULL, NULL, NULL, 0, 0),
(19, 'Main', 'three', '首页信息', 999, 1),
(20, 'other', 'four', '其他未归档信息', 0, 0);

-- --------------------------------------------------------

--
-- 表的结构 `dy_user`
--

CREATE TABLE IF NOT EXISTS `dy_user` (
  `uid` int(11) NOT NULL AUTO_INCREMENT,
  `uname` varchar(32) NOT NULL,
  `tname` varchar(32) DEFAULT NULL,
  `pwd` varchar(32) DEFAULT NULL,
  `groupid` int(11) DEFAULT NULL,
  `authkey` varchar(64) DEFAULT NULL,
  `accessToken` varchar(64) DEFAULT NULL,
  `logtime` int(11) DEFAULT NULL,
  `logip` varchar(32) DEFAULT NULL,
  `enable` tinyint(1) DEFAULT '1',
  `regtime` int(11) DEFAULT NULL,
  PRIMARY KEY (`uid`),
  KEY `enable` (`enable`),
  KEY `groupid` (`groupid`),
  KEY `uname` (`uname`)
) ENGINE=MyISAM  DEFAULT CHARSET=utf8 AUTO_INCREMENT=19 ;

--
-- 转存表中的数据 `dy_user`
--

INSERT INTO `dy_user` (`uid`, `uname`, `tname`, `pwd`, `groupid`, `authkey`, `accessToken`, `logtime`, `logip`, `enable`, `regtime`) VALUES
(16, 'irones', '杨俊', 'irones', 0, '', '', 192168, '192.168.1.200', 1, 1438159637),
(17, 'iron123', '', 'iron2es', 0, '', '', 0, '', 0, 1436146751),
(18, 'Avatarar', '', 'avatarar', 0, '', '', 1436322516, '192.168.1.200', 1, 1436147014);

-- --------------------------------------------------------

--
-- 表的结构 `g_accessrules`
--

CREATE TABLE IF NOT EXISTS `g_accessrules` (
  `id` int(11) NOT NULL AUTO_INCREMENT,
  `uname` varchar(64) NOT NULL,
  `rid` int(11) NOT NULL,
  `deny` int(2) NOT NULL,
  `allow` int(2) NOT NULL,
  PRIMARY KEY (`id`),
  KEY `uname` (`uname`),
  KEY `rid` (`rid`)
) ENGINE=MyISAM  DEFAULT CHARSET=utf8 AUTO_INCREMENT=4 ;

--
-- 转存表中的数据 `g_accessrules`
--

INSERT INTO `g_accessrules` (`id`, `uname`, `rid`, `deny`, `allow`) VALUES
(1, 'irones', 1, 1, 1),
(2, '2', 2, 2, 0),
(3, '2', 2, 2, 2);

-- --------------------------------------------------------

--
-- 表的结构 `g_book`
--

CREATE TABLE IF NOT EXISTS `g_book` (
  `bookid` int(11) NOT NULL AUTO_INCREMENT,
  `bookname` varchar(16) CHARACTER SET utf8 DEFAULT NULL,
  `enable` tinyint(1) NOT NULL DEFAULT '1',
  PRIMARY KEY (`bookid`)
) ENGINE=InnoDB  DEFAULT CHARSET=latin1 AUTO_INCREMENT=3 ;

--
-- 转存表中的数据 `g_book`
--

INSERT INTO `g_book` (`bookid`, `bookname`, `enable`) VALUES
(1, '基础', 1),
(2, '进阶', 1);

-- --------------------------------------------------------

--
-- 表的结构 `g_booknode`
--

CREATE TABLE IF NOT EXISTS `g_booknode` (
  `nodeid` int(11) NOT NULL AUTO_INCREMENT,
  `bookid` int(11) DEFAULT NULL,
  `preid` int(11) NOT NULL DEFAULT '0',
  `title` varchar(64) DEFAULT NULL,
  `nr` text,
  `nrcode` text,
  `sort` int(11) DEFAULT '0',
  `enable` tinyint(1) NOT NULL DEFAULT '1',
  PRIMARY KEY (`nodeid`)
) ENGINE=InnoDB  DEFAULT CHARSET=latin1 AUTO_INCREMENT=27 ;

--
-- 转存表中的数据 `g_booknode`
--

INSERT INTO `g_booknode` (`nodeid`, `bookid`, `preid`, `title`, `nr`, `nrcode`, `sort`, `enable`) VALUES
(1, 1, 0, '123', '123nr', '123code', 0, 1),
(2, 1, 0, '123', '123nr', '123code', 0, 1),
(3, 1, 1, '123', '123nr', '123code', 0, 1),
(4, 1, 1, '123', '123nr', '123code', 0, 1),
(5, 1, 1, '123', '123nr', '123code', 0, 1),
(6, 1, 1, '123', '123nr', '123code', 0, 1),
(7, 1, 1, '123', '123nr', '123code', 0, 1),
(8, 1, 1, '123', '123nr', '123code', 0, 1),
(9, 1, 1, '123', '123nr', '123code', 0, 1),
(10, 1, 1, '123', '123nr', '123code', 0, 1),
(11, 1, 1, '123', '123nr', '123code', 0, 1),
(12, 1, 1, '123', '123nr', '123code', 0, 1),
(13, 1, 1, '123', '123nr', '123code', 0, 1),
(14, 1, 2, '123', '123nr', '123code', 0, 1),
(15, 1, 2, '123', '123nr', '123code', 0, 1),
(16, 1, 2, '123', '123nr', '123code', 0, 1),
(17, 1, 2, '123', '123nr', '123code', 0, 1),
(18, 1, 2, '123', '123nr', '123code', 0, 1),
(19, 1, 2, '123', '123nr', '123code', 0, 1),
(20, 1, 2, '123', '123nr', '123code', 0, 1),
(21, 1, 2, '123', '123nr', '123code', 0, 1),
(22, 1, 2, '123', '123nr', '123code', 0, 1),
(23, 1, 2, '123', '123nr', '123code', 0, 1),
(24, 1, 2, '123', '123nr', '123code', 0, 1),
(25, 1, 2, '123', '123nr', '123code', 0, 1),
(26, 1, 2, '123', '123nr', '123code', 0, 1);

-- --------------------------------------------------------

--
-- 表的结构 `g_group`
--

CREATE TABLE IF NOT EXISTS `g_group` (
  `groupid` int(11) NOT NULL AUTO_INCREMENT,
  `groupname` varchar(32) DEFAULT NULL,
  `groupchr` varchar(16) DEFAULT NULL,
  `sort` int(5) NOT NULL DEFAULT '0',
  `enable` tinyint(1) NOT NULL DEFAULT '0',
  PRIMARY KEY (`groupid`)
) ENGINE=MyISAM  DEFAULT CHARSET=utf8 AUTO_INCREMENT=17 ;

--
-- 转存表中的数据 `g_group`
--

INSERT INTO `g_group` (`groupid`, `groupname`, `groupchr`, `sort`, `enable`) VALUES
(1, '超级用户', 'super', 1, 1),
(16, '123', '123', 123, 1);

-- --------------------------------------------------------

--
-- 表的结构 `g_rulelib`
--

CREATE TABLE IF NOT EXISTS `g_rulelib` (
  `rule_id` int(11) NOT NULL AUTO_INCREMENT,
  `rule_group` varchar(64) NOT NULL,
  `rule_name` varchar(64) NOT NULL,
  `rule_dis` text,
  `rule_module` varchar(64) NOT NULL,
  `rule_controller` varchar(64) NOT NULL,
  `rule_action` varchar(64) NOT NULL,
  `sort` int(3) NOT NULL DEFAULT '0',
  `enable` int(1) NOT NULL DEFAULT '1',
  PRIMARY KEY (`rule_id`)
) ENGINE=InnoDB  DEFAULT CHARSET=utf8 AUTO_INCREMENT=2 ;

--
-- 转存表中的数据 `g_rulelib`
--

INSERT INTO `g_rulelib` (`rule_id`, `rule_group`, `rule_name`, `rule_dis`, `rule_module`, `rule_controller`, `rule_action`, `sort`, `enable`) VALUES
(1, '', '', NULL, 's', 'home', 'main', 0, 1);

/*!40101 SET CHARACTER_SET_CLIENT=@OLD_CHARACTER_SET_CLIENT */;
/*!40101 SET CHARACTER_SET_RESULTS=@OLD_CHARACTER_SET_RESULTS */;
/*!40101 SET COLLATION_CONNECTION=@OLD_COLLATION_CONNECTION */;
